cliente_id,nome_cliente,produto,data_venda,quantidade,representante,regiao,categoria_produto,valor_unitario,valor_venda
52,Cliente_34,Monitor,2025-03-09,4,Lucas,Centro-Oeste,Eletrônicos,900,3600
93,Cliente_8,Notebook,2025-08-02,1,João,Sul,Eletrônicos,3500,3500
15,Cliente_40,Monitor,2025-05-23,1,João,Centro-Oeste,Eletrônicos,900,900
72,Cliente_83,Monitor,2025-08-20,4,Carlos,Sul,Eletrônicos,900,3600
61,Cliente_42,Notebook,2025-08-01,3,Ana,Centro-Oeste,Eletrônicos,3500,10500
21,Cliente_41,Mouse,2025-03-20,1,Lucas,Sul,Acessórios,80,80
83,Cliente_6,Mouse,2025-08-02,2,João,Centro-Oeste,Acessórios,80,160
87,Cliente_52,Monitor,2025-04-26,3,João,Sudeste,Eletrônicos,900,2700
75,Cliente_26,Notebook,2025-04-02,3,Lucas,Centro-Oeste,Eletrônicos,3500,10500
75,Cliente_64,Mouse,2025-09-27,4,Ana,Sul,Acessórios,80,320
88,Cliente_98,Notebook,2025-06-17,4,Carlos,Sul,Eletrônicos,3500,14000
100,Cliente_59,Notebook,2025-02-27,2,João,Nordeste,Eletrônicos,3500,7000
24,Cliente_56,Notebook,2025-10-11,1,Carlos,Centro-Oeste,Eletrônicos,3500,3500
3,Cliente_59,Headset,2025-01-26,4,Mariana,Sudeste,Acessórios,200,800
22,Cliente_70,Notebook,2025-03-07,4,Ana,Centro-Oeste,Eletrônicos,3500,14000
53,Cliente_33,Headset,2025-09-05,3,Mariana,Centro-Oeste,Acessórios,200,600
2,Cliente_53,Monitor,2025-09-11,4,Mariana,Sudeste,Eletrônicos,900,3600
88,Cliente_22,Mouse,2025-02-13,4,Mariana,Centro-Oeste,Acessórios,80,320
30,Cliente_21,Mouse,2025-04-07,4,Ana,Sudeste,Acessórios,80,320
38,Cliente_70,Mouse,2025-02-11,4,Ana,Sudeste,Acessórios,80,320
2,Cliente_70,Mouse,2025-08-15,3,Lucas,Centro-Oeste,Acessórios,80,240
64,Cliente_4,Mouse,2025-09-19,2,Carlos,Centro-Oeste,Acessórios,80,160
60,Cliente_94,Mouse,2025-06-16,2,Carlos,Sul,Acessórios,80,160
21,Cliente_75,Mouse,2025-10-06,1,Lucas,Sul,Acessórios,80,80
33,Cliente_62,Monitor,2025-03-30,4,Lucas,Nordeste,Eletrônicos,900,3600
76,Cliente_62,Notebook,2025-06-27,3,Mariana,Nordeste,Eletrônicos,3500,10500
58,Cliente_94,Teclado,2025-07-16,1,Lucas,Centro-Oeste,Acessórios,150,150
22,Cliente_95,Headset,2025-11-03,1,João,Sudeste,Acessórios,200,200
89,Cliente_24,Teclado,2025-09-24,2,Carlos,Nordeste,Acessórios,150,300
49,Cliente_55,Teclado,2025-09-25,3,Lucas,Centro-Oeste,Acessórios,150,450
91,Cliente_9,Notebook,2025-03-15,3,João,Nordeste,Eletrônicos,3500,10500
59,Cliente_3,Notebook,2025-01-08,3,João,Sudeste,Eletrônicos,3500,10500
42,Cliente_31,Notebook,2025-10-24,2,João,Centro-Oeste,Eletrônicos,3500,7000
92,Cliente_40,Mouse,2025-06-13,2,João,Sudeste,Acessórios,80,160
60,Cliente_36,Monitor,2025-03-26,2,Mariana,Centro-Oeste,Eletrônicos,900,1800
80,Cliente_24,Mouse,2025-03-13,2,João,Nordeste,Acessórios,80,160
15,Cliente_95,Monitor,2025-02-24,2,Mariana,Sul,Eletrônicos,900,1800
62,Cliente_6,Monitor,2025-02-16,4,Mariana,Nordeste,Eletrônicos,900,3600
62,Cliente_66,Teclado,2025-08-26,4,João,Nordeste,Acessórios,150,600
47,Cliente_84,Teclado,2025-04-14,3,Carlos,Sul,Acessórios,150,450
62,Cliente_92,Monitor,2025-07-29,1,João,Sul,Eletrônicos,900,900
51,Cliente_75,Monitor,2025-02-11,3,João,Centro-Oeste,Eletrônicos,900,2700
55,Cliente_4,Mouse,2025-11-12,1,João,Centro-Oeste,Acessórios,80,80
64,Cliente_79,Mouse,2025-09-25,2,Carlos,Sudeste,Acessórios,80,160
3,Cliente_6,Teclado,2025-09-20,1,Ana,Sudeste,Acessórios,150,150
51,Cliente_94,Notebook,2025-12-02,3,Ana,Nordeste,Eletrônicos,3500,10500
7,Cliente_51,Monitor,2025-12-31,3,Mariana,Sul,Eletrônicos,900,2700
21,Cliente_62,Mouse,2025-09-16,1,Mariana,Sudeste,Acessórios,80,80
73,Cliente_57,Teclado,2025-10-10,4,Carlos,Nordeste,Acessórios,150,600
39,Cliente_66,Mouse,2025-04-24,2,Lucas,Sul,Acessórios,80,160
18,Cliente_79,Monitor,2025-12-29,2,Ana,Centro-Oeste,Eletrônicos,900,1800
4,Cliente_75,Monitor,2025-02-09,3,Mariana,Nordeste,Eletrônicos,900,2700
89,Cliente_8,Headset,2025-08-08,4,Ana,Centro-Oeste,Acessórios,200,800
60,Cliente_26,Notebook,2025-05-09,1,Carlos,Sudeste,Eletrônicos,3500,3500
14,Cliente_51,Headset,2025-01-08,2,Carlos,Sudeste,Acessórios,200,400
9,Cliente_45,Teclado,2025-04-11,4,Lucas,Sul,Acessórios,150,600
90,Cliente_44,Mouse,2025-06-25,2,Lucas,Nordeste,Acessórios,80,160
53,Cliente_5,Teclado,2025-04-17,4,Carlos,Centro-Oeste,Acessórios,150,600
2,Cliente_70,Monitor,2025-04-11,4,Mariana,Sul,Eletrônicos,900,3600
84,Cliente_26,Headset,2025-09-17,3,Ana,Sudeste,Acessórios,200,600
92,Cliente_68,Headset,2025-09-03,2,João,Sudeste,Acessórios,200,400
60,Cliente_19,Headset,2025-10-02,1,Lucas,Nordeste,Acessórios,200,200
71,Cliente_84,Teclado,2025-02-01,3,João,Centro-Oeste,Acessórios,150,450
44,Cliente_97,Monitor,2025-05-17,3,Mariana,Nordeste,Eletrônicos,900,2700
8,Cliente_20,Mouse,2025-01-12,1,Lucas,Centro-Oeste,Acessórios,80,80
47,Cliente_12,Mouse,2025-10-29,3,João,Centro-Oeste,Acessórios,80,240
35,Cliente_47,Teclado,2025-01-16,4,Mariana,Nordeste,Acessórios,150,600
78,Cliente_1,Headset,2025-05-09,4,Ana,Sul,Acessórios,200,800
81,Cliente_90,Notebook,2025-03-04,2,Mariana,Nordeste,Eletrônicos,3500,7000
36,Cliente_14,Teclado,2025-04-19,2,Lucas,Nordeste,Acessórios,150,300
50,Cliente_64,Teclado,2025-01-21,1,Carlos,Sudeste,Acessórios,150,150
4,Cliente_38,Monitor,2025-06-07,2,Ana,Sudeste,Eletrônicos,900,1800
2,Cliente_37,Mouse,2025-09-26,4,João,Nordeste,Acessórios,80,320
6,Cliente_11,Teclado,2025-06-11,1,Lucas,Nordeste,Acessórios,150,150
54,Cliente_100,Teclado,2025-09-17,1,Carlos,Sudeste,Acessórios,150,150
4,Cliente_77,Headset,2025-04-12,2,Mariana,Centro-Oeste,Acessórios,200,400
54,Cliente_3,Headset,2025-08-11,4,Carlos,Nordeste,Acessórios,200,800
93,Cliente_33,Notebook,2025-02-28,1,Lucas,Sul,Eletrônicos,3500,3500
63,Cliente_6,Monitor,2025-09-04,4,Lucas,Sul,Eletrônicos,900,3600
18,Cliente_50,Notebook,2025-05-08,4,Carlos,Sul,Eletrônicos,3500,14000
90,Cliente_10,Headset,2025-10-10,4,Mariana,Nordeste,Acessórios,200,800
44,Cliente_5,Mouse,2025-11-21,2,Carlos,Centro-Oeste,Acessórios,80,160
34,Cliente_23,Headset,2025-01-25,3,Lucas,Centro-Oeste,Acessórios,200,600
74,Cliente_10,Monitor,2025-05-11,3,Lucas,Sudeste,Eletrônicos,900,2700
62,Cliente_44,Headset,2025-12-19,1,João,Nordeste,Acessórios,200,200
100,Cliente_2,Monitor,2025-07-15,4,João,Centro-Oeste,Eletrônicos,900,3600
14,Cliente_13,Monitor,2025-10-08,2,Ana,Nordeste,Eletrônicos,900,1800
95,Cliente_40,Monitor,2025-06-03,4,Lucas,Sudeste,Eletrônicos,900,3600
48,Cliente_2,Monitor,2025-05-13,4,João,Sudeste,Eletrônicos,900,3600
15,Cliente_84,Monitor,2025-08-15,2,Carlos,Sudeste,Eletrônicos,900,1800
72,Cliente_65,Mouse,2025-07-08,3,Mariana,Sul,Acessórios,80,240
78,Cliente_63,Notebook,2025-09-22,4,Carlos,Nordeste,Eletrônicos,3500,14000
87,Cliente_73,Teclado,2025-05-14,4,Mariana,Sudeste,Acessórios,150,600
62,Cliente_17,Notebook,2025-07-30,3,João,Nordeste,Eletrônicos,3500,10500
40,Cliente_9,Monitor,2025-03-01,2,Ana,Sul,Eletrônicos,900,1800
85,Cliente_75,Mouse,2025-12-30,1,Carlos,Sul,Acessórios,80,80
80,Cliente_15,Headset,2025-12-30,3,Carlos,Sudeste,Acessórios,200,600
82,Cliente_24,Mouse,2025-08-01,1,Carlos,Sudeste,Acessórios,80,80
53,Cliente_38,Monitor,2025-08-04,1,Mariana,Centro-Oeste,Eletrônicos,900,900
24,Cliente_35,Mouse,2025-08-14,3,João,Nordeste,Acessórios,80,240
26,Cliente_94,Mouse,2025-05-11,4,Carlos,Sudeste,Acessórios,80,320
89,Cliente_95,Monitor,2025-03-17,1,Carlos,Centro-Oeste,Eletrônicos,900,900
60,Cliente_49,Mouse,2025-10-13,1,Ana,Nordeste,Acessórios,80,80
41,Cliente_69,Teclado,2025-10-04,2,Ana,Sudeste,Acessórios,150,300
29,Cliente_62,Teclado,2025-06-05,4,João,Centro-Oeste,Acessórios,150,600
15,Cliente_60,Mouse,2025-09-05,1,João,Centro-Oeste,Acessórios,80,80
45,Cliente_50,Headset,2025-08-06,2,Lucas,Nordeste,Acessórios,200,400
65,Cliente_78,Monitor,2025-07-09,4,Ana,Centro-Oeste,Eletrônicos,900,3600
89,Cliente_75,Teclado,2025-06-12,3,Lucas,Nordeste,Acessórios,150,450
71,Cliente_9,Headset,2025-06-29,3,Mariana,Nordeste,Acessórios,200,600
9,Cliente_34,Mouse,2025-02-03,2,Lucas,Nordeste,Acessórios,80,160
88,Cliente_76,Headset,2025-02-10,3,Carlos,Sul,Acessórios,200,600
1,Cliente_99,Notebook,2025-11-03,1,Lucas,Centro-Oeste,Eletrônicos,3500,3500
8,Cliente_35,Teclado,2025-12-04,4,João,Nordeste,Acessórios,150,600
88,Cliente_1,Mouse,2025-11-10,1,Mariana,Sudeste,Acessórios,80,80
63,Cliente_40,Monitor,2025-03-16,1,Carlos,Sul,Eletrônicos,900,900
11,Cliente_64,Mouse,2025-10-06,3,Lucas,Sul,Acessórios,80,240
81,Cliente_22,Monitor,2025-06-25,1,Mariana,Centro-Oeste,Eletrônicos,900,900
8,Cliente_60,Mouse,2025-05-30,3,Mariana,Nordeste,Acessórios,80,240
35,Cliente_64,Headset,2025-09-30,4,Carlos,Centro-Oeste,Acessórios,200,800
35,Cliente_93,Headset,2025-11-21,4,Lucas,Sul,Acessórios,200,800
33,Cliente_72,Headset,2025-04-18,1,Mariana,Nordeste,Acessórios,200,200
5,Cliente_11,Notebook,2025-05-19,2,Mariana,Sudeste,Eletrônicos,3500,7000
41,Cliente_14,Monitor,2025-12-16,3,Ana,Nordeste,Eletrônicos,900,2700
28,Cliente_60,Headset,2025-09-28,3,Mariana,Sul,Acessórios,200,600
7,Cliente_30,Notebook,2025-12-13,1,Ana,Sudeste,Eletrônicos,3500,3500
73,Cliente_35,Monitor,2025-10-16,3,Lucas,Nordeste,Eletrônicos,900,2700
72,Cliente_85,Mouse,2025-07-31,3,Lucas,Sudeste,Acessórios,80,240
12,Cliente_37,Notebook,2025-09-29,2,Lucas,Sudeste,Eletrônicos,3500,7000
34,Cliente_5,Teclado,2025-03-07,2,João,Sul,Acessórios,150,300
33,Cliente_83,Notebook,2025-09-05,1,Lucas,Sudeste,Eletrônicos,3500,3500
48,Cliente_78,Notebook,2025-06-05,2,Mariana,Centro-Oeste,Eletrônicos,3500,7000
23,Cliente_26,Monitor,2025-02-16,1,Carlos,Sul,Eletrônicos,900,900
62,Cliente_62,Mouse,2025-07-20,4,Ana,Centro-Oeste,Acessórios,80,320
88,Cliente_4,Teclado,2025-05-28,1,João,Sudeste,Acessórios,150,150
37,Cliente_89,Headset,2025-05-04,4,Lucas,Centro-Oeste,Acessórios,200,800
99,Cliente_42,Headset,2025-01-01,1,Lucas,Nordeste,Acessórios,200,200
44,Cliente_89,Notebook,2025-09-04,3,Carlos,Sudeste,Eletrônicos,3500,10500
86,Cliente_18,Monitor,2025-12-09,2,Carlos,Nordeste,Eletrônicos,900,1800
91,Cliente_40,Monitor,2025-05-08,4,João,Centro-Oeste,Eletrônicos,900,3600
35,Cliente_72,Headset,2025-07-10,1,Ana,Nordeste,Acessórios,200,200
65,Cliente_39,Teclado,2025-03-08,2,Lucas,Sudeste,Acessórios,150,300
99,Cliente_14,Mouse,2025-01-04,1,João,Nordeste,Acessórios,80,80
47,Cliente_32,Teclado,2025-10-30,2,Mariana,Centro-Oeste,Acessórios,150,300
78,Cliente_51,Mouse,2025-10-21,2,Mariana,Centro-Oeste,Acessórios,80,160
3,Cliente_38,Headset,2025-05-23,1,João,Centro-Oeste,Acessórios,200,200
1,Cliente_97,Mouse,2025-07-10,4,Lucas,Sudeste,Acessórios,80,320
5,Cliente_23,Monitor,2025-01-21,4,João,Centro-Oeste,Eletrônicos,900,3600
90,Cliente_63,Notebook,2025-08-15,3,Lucas,Sudeste,Eletrônicos,3500,10500
14,Cliente_15,Notebook,2025-11-09,2,Carlos,Nordeste,Eletrônicos,3500,7000
27,Cliente_97,Headset,2025-04-27,3,João,Centro-Oeste,Acessórios,200,600
9,Cliente_25,Monitor,2025-10-29,3,Lucas,Nordeste,Eletrônicos,900,2700
79,Cliente_17,Teclado,2025-05-22,1,João,Sul,Acessórios,150,150
15,Cliente_97,Monitor,2025-02-08,1,João,Nordeste,Eletrônicos,900,900
90,Cliente_66,Notebook,2025-12-21,1,Lucas,Sul,Eletrônicos,3500,3500
42,Cliente_78,Notebook,2025-09-09,2,Lucas,Nordeste,Eletrônicos,3500,7000
77,Cliente_53,Monitor,2025-11-29,1,Ana,Sudeste,Eletrônicos,900,900
51,Cliente_51,Monitor,2025-07-26,1,João,Nordeste,Eletrônicos,900,900
63,Cliente_39,Notebook,2025-07-29,2,Mariana,Sudeste,Eletrônicos,3500,7000
96,Cliente_51,Teclado,2025-04-25,2,João,Sudeste,Acessórios,150,300
52,Cliente_70,Headset,2025-08-13,4,João,Centro-Oeste,Acessórios,200,800
96,Cliente_6,Headset,2025-05-14,1,Lucas,Sudeste,Acessórios,200,200
4,Cliente_67,Monitor,2025-09-08,1,João,Sul,Eletrônicos,900,900
94,Cliente_7,Headset,2025-08-07,1,João,Centro-Oeste,Acessórios,200,200
23,Cliente_51,Notebook,2025-04-01,4,Mariana,Centro-Oeste,Eletrônicos,3500,14000
15,Cliente_72,Notebook,2025-12-20,1,Lucas,Nordeste,Eletrônicos,3500,3500
43,Cliente_42,Monitor,2025-02-15,4,João,Sudeste,Eletrônicos,900,3600
29,Cliente_64,Monitor,2025-02-07,3,Carlos,Sudeste,Eletrônicos,900,2700
36,Cliente_15,Monitor,2025-05-22,4,Ana,Sul,Eletrônicos,900,3600
13,Cliente_29,Teclado,2025-04-10,3,Mariana,Nordeste,Acessórios,150,450
32,Cliente_33,Headset,2025-11-24,1,João,Nordeste,Acessórios,200,200
71,Cliente_94,Monitor,2025-07-09,3,Carlos,Centro-Oeste,Eletrônicos,900,2700
59,Cliente_27,Mouse,2025-02-04,4,João,Centro-Oeste,Acessórios,80,320
86,Cliente_36,Mouse,2025-05-27,2,João,Centro-Oeste,Acessórios,80,160
28,Cliente_29,Notebook,2025-01-30,3,Lucas,Sul,Eletrônicos,3500,10500
66,Cliente_38,Headset,2025-11-30,3,Lucas,Sul,Acessórios,200,600
42,Cliente_57,Monitor,2025-03-25,1,Lucas,Centro-Oeste,Eletrônicos,900,900
45,Cliente_97,Mouse,2025-10-08,4,Carlos,Nordeste,Acessórios,80,320
62,Cliente_27,Headset,2025-12-10,3,João,Sul,Acessórios,200,600
57,Cliente_55,Notebook,2025-09-27,3,Ana,Nordeste,Eletrônicos,3500,10500
6,Cliente_33,Teclado,2025-06-03,3,Mariana,Nordeste,Acessórios,150,450
28,Cliente_68,Headset,2025-04-12,3,Lucas,Sudeste,Acessórios,200,600
28,Cliente_86,Headset,2025-08-03,2,Lucas,Centro-Oeste,Acessórios,200,400
44,Cliente_66,Teclado,2025-05-30,4,João,Sudeste,Acessórios,150,600
84,Cliente_10,Headset,2025-03-24,1,João,Centro-Oeste,Acessórios,200,200
30,Cliente_5,Notebook,2025-04-20,1,Carlos,Centro-Oeste,Eletrônicos,3500,3500
62,Cliente_74,Notebook,2025-10-02,2,Carlos,Nordeste,Eletrônicos,3500,7000
75,Cliente_97,Teclado,2025-07-20,4,Lucas,Centro-Oeste,Acessórios,150,600
92,Cliente_38,Monitor,2025-10-11,3,João,Nordeste,Eletrônicos,900,2700
89,Cliente_13,Mouse,2025-06-22,2,Ana,Nordeste,Acessórios,80,160
62,Cliente_31,Monitor,2025-11-23,4,Mariana,Centro-Oeste,Eletrônicos,900,3600
97,Cliente_47,Headset,2025-07-25,3,João,Nordeste,Acessórios,200,600
1,Cliente_100,Mouse,2025-03-04,2,João,Nordeste,Acessórios,80,160
27,Cliente_88,Teclado,2025-03-14,4,Carlos,Nordeste,Acessórios,150,600
62,Cliente_52,Teclado,2025-09-08,1,Mariana,Sul,Acessórios,150,150
77,Cliente_56,Mouse,2025-05-04,1,Lucas,Nordeste,Acessórios,80,80
3,Cliente_15,Notebook,2025-05-01,4,João,Sul,Eletrônicos,3500,14000
70,Cliente_29,Mouse,2025-10-02,1,Lucas,Sul,Acessórios,80,80
72,Cliente_8,Headset,2025-04-30,4,João,Nordeste,Acessórios,200,800
27,Cliente_5,Notebook,2025-11-13,3,Lucas,Nordeste,Eletrônicos,3500,10500
9,Cliente_29,Teclado,2025-06-13,4,Mariana,Sul,Acessórios,150,600
62,Cliente_47,Mouse,2025-10-13,3,Carlos,Sul,Acessórios,80,240
37,Cliente_68,Monitor,2025-09-22,2,Mariana,Nordeste,Eletrônicos,900,1800
97,Cliente_76,Monitor,2025-11-16,4,Ana,Nordeste,Eletrônicos,900,3600
51,Cliente_45,Headset,2025-06-10,2,Carlos,Centro-Oeste,Acessórios,200,400
44,Cliente_2,Monitor,2025-11-04,1,Mariana,Sul,Eletrônicos,900,900
24,Cliente_27,Mouse,2025-03-30,3,Ana,Sul,Acessórios,80,240
79,Cliente_95,Mouse,2025-05-22,4,João,Centro-Oeste,Acessórios,80,320
59,Cliente_36,Monitor,2025-07-22,2,João,Sul,Eletrônicos,900,1800
32,Cliente_36,Mouse,2025-11-05,3,Lucas,Sudeste,Acessórios,80,240
96,Cliente_26,Headset,2025-08-15,3,Carlos,Sul,Acessórios,200,600
88,Cliente_43,Notebook,2025-11-30,1,João,Centro-Oeste,Eletrônicos,3500,3500
52,Cliente_27,Headset,2025-08-10,1,Carlos,Sudeste,Acessórios,200,200
62,Cliente_69,Headset,2025-02-10,3,João,Nordeste,Acessórios,200,600
58,Cliente_20,Mouse,2025-07-15,3,Lucas,Centro-Oeste,Acessórios,80,240
52,Cliente_11,Notebook,2025-03-09,4,Mariana,Centro-Oeste,Eletrônicos,3500,14000
12,Cliente_74,Mouse,2025-09-21,3,Lucas,Nordeste,Acessórios,80,240
39,Cliente_38,Teclado,2025-01-02,4,Ana,Centro-Oeste,Acessórios,150,600
2,Cliente_6,Mouse,2025-12-27,3,João,Sul,Acessórios,80,240
3,Cliente_72,Mouse,2025-05-05,1,Ana,Nordeste,Acessórios,80,80
56,Cliente_23,Mouse,2025-04-20,4,Ana,Centro-Oeste,Acessórios,80,320
81,Cliente_47,Notebook,2025-03-27,2,Carlos,Nordeste,Eletrônicos,3500,7000
59,Cliente_90,Mouse,2025-04-30,1,João,Nordeste,Acessórios,80,80
2,Cliente_46,Notebook,2025-05-07,4,Ana,Nordeste,Eletrônicos,3500,14000
2,Cliente_12,Monitor,2025-09-12,4,Mariana,Sudeste,Eletrônicos,900,3600
92,Cliente_90,Teclado,2025-07-02,2,Ana,Centro-Oeste,Acessórios,150,300
54,Cliente_13,Notebook,2025-01-16,4,Mariana,Sudeste,Eletrônicos,3500,14000
87,Cliente_62,Monitor,2025-03-03,3,Carlos,Centro-Oeste,Eletrônicos,900,2700
96,Cliente_82,Notebook,2025-06-07,2,Ana,Sul,Eletrônicos,3500,7000
97,Cliente_89,Notebook,2025-09-25,1,Lucas,Sul,Eletrônicos,3500,3500
1,Cliente_97,Teclado,2025-02-04,1,Carlos,Sul,Acessórios,150,150
19,Cliente_60,Headset,2025-09-24,3,Mariana,Centro-Oeste,Acessórios,200,600
2,Cliente_43,Headset,2025-03-05,1,Carlos,Nordeste,Acessórios,200,200
53,Cliente_76,Notebook,2025-02-19,4,Ana,Nordeste,Eletrônicos,3500,14000
44,Cliente_100,Mouse,2025-09-12,4,João,Sudeste,Acessórios,80,320
90,Cliente_68,Monitor,2025-05-29,3,João,Sudeste,Eletrônicos,900,2700
32,Cliente_5,Mouse,2025-11-21,1,Mariana,Sul,Acessórios,80,80
70,Cliente_37,Mouse,2025-10-31,1,Mariana,Sudeste,Acessórios,80,80
32,Cliente_72,Notebook,2025-10-03,3,João,Centro-Oeste,Eletrônicos,3500,10500
68,Cliente_92,Notebook,2025-12-23,2,Mariana,Centro-Oeste,Eletrônicos,3500,7000
55,Cliente_31,Notebook,2025-06-21,1,Carlos,Sudeste,Eletrônicos,3500,3500
75,Cliente_9,Notebook,2025-07-20,2,Lucas,Sudeste,Eletrônicos,3500,7000
56,Cliente_51,Headset,2025-11-20,1,Lucas,Sudeste,Acessórios,200,200
17,Cliente_29,Notebook,2025-02-04,1,Carlos,Sudeste,Eletrônicos,3500,3500
38,Cliente_78,Headset,2025-08-04,1,Lucas,Sul,Acessórios,200,200
24,Cliente_40,Headset,2025-03-06,1,Ana,Sul,Acessórios,200,200
69,Cliente_41,Notebook,2025-01-08,4,Carlos,Sudeste,Eletrônicos,3500,14000
98,Cliente_86,Teclado,2025-10-28,2,Mariana,Centro-Oeste,Acessórios,150,300
70,Cliente_11,Monitor,2025-12-09,2,Carlos,Sul,Eletrônicos,900,1800
86,Cliente_23,Mouse,2025-11-28,1,João,Centro-Oeste,Acessórios,80,80
11,Cliente_1,Headset,2025-03-17,1,Mariana,Nordeste,Acessórios,200,200
16,Cliente_46,Monitor,2025-06-23,2,João,Centro-Oeste,Eletrônicos,900,1800
97,Cliente_21,Teclado,2025-02-16,4,Mariana,Sudeste,Acessórios,150,600
73,Cliente_90,Mouse,2025-01-15,3,Lucas,Nordeste,Acessórios,80,240
59,Cliente_36,Mouse,2025-12-27,3,Carlos,Sul,Acessórios,80,240
70,Cliente_54,Headset,2025-05-27,2,Ana,Sul,Acessórios,200,400
80,Cliente_87,Notebook,2025-01-26,1,Mariana,Nordeste,Eletrônicos,3500,3500
93,Cliente_57,Teclado,2025-11-04,1,Mariana,Centro-Oeste,Acessórios,150,150
3,Cliente_1,Headset,2025-04-03,4,João,Sul,Acessórios,200,800
20,Cliente_63,Teclado,2025-08-20,3,Lucas,Sudeste,Acessórios,150,450
59,Cliente_54,Notebook,2025-01-21,4,João,Nordeste,Eletrônicos,3500,14000
36,Cliente_55,Notebook,2025-11-03,3,João,Sudeste,Eletrônicos,3500,10500
19,Cliente_40,Headset,2025-02-07,2,Lucas,Nordeste,Acessórios,200,400
90,Cliente_15,Notebook,2025-10-03,3,Ana,Sul,Eletrônicos,3500,10500
67,Cliente_21,Monitor,2025-06-06,4,João,Centro-Oeste,Eletrônicos,900,3600
19,Cliente_47,Mouse,2025-06-28,4,João,Nordeste,Acessórios,80,320
20,Cliente_73,Headset,2025-05-12,4,Mariana,Nordeste,Acessórios,200,800
96,Cliente_53,Teclado,2025-11-07,2,Lucas,Sudeste,Acessórios,150,300
71,Cliente_9,Monitor,2025-12-14,3,Carlos,Sul,Eletrônicos,900,2700
52,Cliente_74,Headset,2025-01-28,3,Ana,Sudeste,Acessórios,200,600
33,Cliente_52,Notebook,2025-09-17,4,Ana,Sul,Eletrônicos,3500,14000
40,Cliente_57,Notebook,2025-03-17,3,Lucas,Sudeste,Eletrônicos,3500,10500
39,Cliente_26,Notebook,2025-03-08,1,Mariana,Nordeste,Eletrônicos,3500,3500
82,Cliente_41,Notebook,2025-12-08,1,Mariana,Sudeste,Eletrônicos,3500,3500
1,Cliente_35,Teclado,2025-07-13,1,Lucas,Centro-Oeste,Acessórios,150,150
11,Cliente_63,Monitor,2025-06-11,3,Mariana,Sul,Eletrônicos,900,2700
92,Cliente_25,Mouse,2025-12-13,2,Ana,Sul,Acessórios,80,160
57,Cliente_90,Teclado,2025-12-27,2,Ana,Nordeste,Acessórios,150,300
89,Cliente_75,Teclado,2025-09-14,2,Carlos,Sul,Acessórios,150,300
50,Cliente_38,Mouse,2025-03-13,2,Lucas,Centro-Oeste,Acessórios,80,160
23,Cliente_2,Mouse,2025-03-28,1,João,Sudeste,Acessórios,80,80
31,Cliente_7,Notebook,2025-09-19,1,João,Nordeste,Eletrônicos,3500,3500
94,Cliente_82,Teclado,2025-08-02,4,Carlos,Centro-Oeste,Acessórios,150,600
42,Cliente_91,Headset,2025-06-02,3,Carlos,Sul,Acessórios,200,600
99,Cliente_34,Mouse,2025-07-29,3,Mariana,Sul,Acessórios,80,240
7,Cliente_91,Mouse,2025-03-02,2,Carlos,Centro-Oeste,Acessórios,80,160
16,Cliente_17,Monitor,2025-09-25,1,Carlos,Sudeste,Eletrônicos,900,900
90,Cliente_43,Headset,2025-09-19,2,João,Sudeste,Acessórios,200,400
60,Cliente_59,Headset,2025-08-06,4,Mariana,Nordeste,Acessórios,200,800
2,Cliente_51,Mouse,2025-10-10,3,Carlos,Sul,Acessórios,80,240
1,Cliente_54,Notebook,2025-05-16,3,Carlos,Centro-Oeste,Eletrônicos,3500,10500
48,Cliente_24,Monitor,2025-12-28,2,Mariana,Sudeste,Eletrônicos,900,1800
12,Cliente_25,Headset,2025-04-03,4,Lucas,Nordeste,Acessórios,200,800
69,Cliente_71,Mouse,2025-04-19,3,Mariana,Sul,Acessórios,80,240
37,Cliente_52,Headset,2025-08-29,4,João,Sul,Acessórios,200,800
32,Cliente_70,Monitor,2025-12-21,4,Lucas,Nordeste,Eletrônicos,900,3600
9,Cliente_88,Monitor,2025-05-22,2,Ana,Nordeste,Eletrônicos,900,1800
99,Cliente_33,Teclado,2025-10-18,1,Mariana,Sudeste,Acessórios,150,150
19,Cliente_49,Mouse,2025-08-25,2,João,Centro-Oeste,Acessórios,80,160
48,Cliente_29,Monitor,2025-12-06,1,Lucas,Sul,Eletrônicos,900,900
80,Cliente_63,Teclado,2025-11-08,4,Mariana,Centro-Oeste,Acessórios,150,600
3,Cliente_22,Teclado,2025-06-26,1,Carlos,Sul,Acessórios,150,150
20,Cliente_26,Headset,2025-05-21,4,Mariana,Sul,Acessórios,200,800
24,Cliente_28,Headset,2025-07-08,3,Ana,Centro-Oeste,Acessórios,200,600
54,Cliente_85,Teclado,2025-02-18,3,Mariana,Nordeste,Acessórios,150,450
33,Cliente_49,Headset,2025-10-29,3,Lucas,Sudeste,Acessórios,200,600
24,Cliente_71,Monitor,2025-07-09,2,Lucas,Sul,Eletrônicos,900,1800
75,Cliente_81,Notebook,2025-05-16,2,Mariana,Nordeste,Eletrônicos,3500,7000
72,Cliente_84,Monitor,2025-02-12,4,Lucas,Sul,Eletrônicos,900,3600
36,Cliente_49,Teclado,2025-12-19,3,Carlos,Sudeste,Acessórios,150,450
38,Cliente_20,Teclado,2025-03-31,2,Mariana,Sul,Acessórios,150,300
84,Cliente_86,Monitor,2025-10-22,3,Carlos,Sudeste,Eletrônicos,900,2700
99,Cliente_92,Headset,2025-12-07,2,Carlos,Sudeste,Acessórios,200,400
89,Cliente_63,Headset,2025-09-02,1,João,Sul,Acessórios,200,200
99,Cliente_61,Teclado,2025-07-11,1,Mariana,Sul,Acessórios,150,150
25,Cliente_49,Mouse,2025-11-14,3,Lucas,Sudeste,Acessórios,80,240
93,Cliente_71,Headset,2025-04-16,4,Carlos,Nordeste,Acessórios,200,800
18,Cliente_1,Monitor,2025-12-29,2,João,Centro-Oeste,Eletrônicos,900,1800
82,Cliente_96,Headset,2025-11-06,2,Mariana,Sudeste,Acessórios,200,400
66,Cliente_13,Monitor,2025-08-21,1,Mariana,Sul,Eletrônicos,900,900
54,Cliente_94,Teclado,2025-09-22,1,Ana,Sul,Acessórios,150,150
35,Cliente_87,Headset,2025-12-10,4,Ana,Nordeste,Acessórios,200,800
80,Cliente_51,Monitor,2025-02-06,4,Carlos,Centro-Oeste,Eletrônicos,900,3600
61,Cliente_56,Teclado,2025-11-01,4,Ana,Sudeste,Acessórios,150,600
41,Cliente_83,Mouse,2025-02-10,3,Carlos,Sudeste,Acessórios,80,240
100,Cliente_62,Monitor,2025-01-17,1,Lucas,Centro-Oeste,Eletrônicos,900,900
33,Cliente_32,Mouse,2025-12-10,3,Carlos,Sudeste,Acessórios,80,240
68,Cliente_30,Mouse,2025-10-04,1,Ana,Centro-Oeste,Acessórios,80,80
33,Cliente_29,Notebook,2025-11-03,1,Lucas,Sul,Eletrônicos,3500,3500
14,Cliente_49,Headset,2025-02-28,2,Ana,Centro-Oeste,Acessórios,200,400
21,Cliente_45,Monitor,2025-07-02,1,Carlos,Sudeste,Eletrônicos,900,900
48,Cliente_93,Mouse,2025-02-10,1,João,Centro-Oeste,Acessórios,80,80
20,Cliente_30,Notebook,2025-02-08,3,Mariana,Nordeste,Eletrônicos,3500,10500
8,Cliente_16,Teclado,2025-07-11,1,Ana,Sul,Acessórios,150,150
7,Cliente_40,Monitor,2025-09-24,3,Carlos,Sul,Eletrônicos,900,2700
67,Cliente_19,Mouse,2025-05-27,4,Lucas,Centro-Oeste,Acessórios,80,320
17,Cliente_18,Headset,2025-11-29,1,Ana,Sudeste,Acessórios,200,200
33,Cliente_1,Notebook,2025-05-07,1,Ana,Nordeste,Eletrônicos,3500,3500
48,Cliente_78,Mouse,2025-02-15,3,Mariana,Sul,Acessórios,80,240
76,Cliente_47,Headset,2025-02-14,4,Carlos,Sul,Acessórios,200,800
59,Cliente_66,Mouse,2025-01-01,2,João,Sudeste,Acessórios,80,160
86,Cliente_92,Monitor,2025-06-17,4,Lucas,Sudeste,Eletrônicos,900,3600
22,Cliente_94,Monitor,2025-04-18,3,Carlos,Nordeste,Eletrônicos,900,2700
30,Cliente_38,Monitor,2025-01-19,4,Lucas,Centro-Oeste,Eletrônicos,900,3600
38,Cliente_51,Notebook,2025-11-28,3,Ana,Sudeste,Eletrônicos,3500,10500
51,Cliente_63,Monitor,2025-03-13,3,Mariana,Centro-Oeste,Eletrônicos,900,2700
54,Cliente_4,Headset,2025-04-19,2,Mariana,Nordeste,Acessórios,200,400
8,Cliente_1,Mouse,2025-09-25,1,João,Centro-Oeste,Acessórios,80,80
27,Cliente_8,Teclado,2025-08-28,3,Mariana,Sul,Acessórios,150,450
27,Cliente_29,Headset,2025-10-28,3,Ana,Centro-Oeste,Acessórios,200,600
98,Cliente_55,Headset,2025-03-31,2,João,Nordeste,Acessórios,200,400
21,Cliente_3,Monitor,2025-04-13,3,Carlos,Nordeste,Eletrônicos,900,2700
30,Cliente_32,Notebook,2025-09-07,1,Mariana,Nordeste,Eletrônicos,3500,3500
97,Cliente_10,Mouse,2025-01-08,2,João,Centro-Oeste,Acessórios,80,160
28,Cliente_74,Notebook,2025-06-02,1,Ana,Sul,Eletrônicos,3500,3500
64,Cliente_83,Mouse,2025-12-13,1,Lucas,Sudeste,Acessórios,80,80
97,Cliente_34,Mouse,2025-06-23,2,Lucas,Sul,Acessórios,80,160
69,Cliente_97,Notebook,2025-12-09,3,Ana,Centro-Oeste,Eletrônicos,3500,10500
61,Cliente_87,Headset,2025-06-07,1,Ana,Centro-Oeste,Acessórios,200,200
48,Cliente_55,Mouse,2025-08-03,1,Lucas,Sudeste,Acessórios,80,80
19,Cliente_92,Notebook,2025-06-26,1,João,Centro-Oeste,Eletrônicos,3500,3500
4,Cliente_32,Mouse,2025-06-24,1,Lucas,Nordeste,Acessórios,80,80
35,Cliente_50,Teclado,2025-12-06,2,Ana,Nordeste,Acessórios,150,300
64,Cliente_7,Headset,2025-12-04,2,Mariana,Nordeste,Acessórios,200,400
49,Cliente_93,Monitor,2025-05-26,4,Carlos,Nordeste,Eletrônicos,900,3600
17,Cliente_8,Mouse,2025-11-20,4,Mariana,Nordeste,Acessórios,80,320
44,Cliente_65,Teclado,2025-06-10,1,Mariana,Centro-Oeste,Acessórios,150,150
92,Cliente_57,Monitor,2025-05-07,3,Ana,Sudeste,Eletrônicos,900,2700
30,Cliente_67,Monitor,2025-03-23,1,Lucas,Sudeste,Eletrônicos,900,900
93,Cliente_88,Mouse,2025-05-27,3,João,Nordeste,Acessórios,80,240
46,Cliente_87,Notebook,2025-08-27,1,Mariana,Centro-Oeste,Eletrônicos,3500,3500
6,Cliente_59,Mouse,2025-03-25,4,Lucas,Sul,Acessórios,80,320
99,Cliente_72,Teclado,2025-04-23,4,João,Sul,Acessórios,150,600
37,Cliente_54,Monitor,2025-08-13,3,Mariana,Centro-Oeste,Eletrônicos,900,2700
24,Cliente_67,Mouse,2025-11-28,1,João,Nordeste,Acessórios,80,80
93,Cliente_51,Notebook,2025-08-31,3,Lucas,Sudeste,Eletrônicos,3500,10500
46,Cliente_97,Mouse,2025-05-23,4,Carlos,Centro-Oeste,Acessórios,80,320
53,Cliente_92,Headset,2025-02-10,1,Lucas,Sul,Acessórios,200,200
95,Cliente_8,Notebook,2025-09-15,1,Ana,Sul,Eletrônicos,3500,3500
99,Cliente_34,Teclado,2025-10-12,3,João,Sul,Acessórios,150,450
60,Cliente_35,Monitor,2025-04-15,2,Carlos,Nordeste,Eletrônicos,900,1800
97,Cliente_96,Mouse,2025-07-21,3,João,Sul,Acessórios,80,240
63,Cliente_88,Notebook,2025-11-03,4,João,Centro-Oeste,Eletrônicos,3500,14000
85,Cliente_78,Headset,2025-11-27,4,Mariana,Centro-Oeste,Acessórios,200,800
32,Cliente_32,Notebook,2025-09-23,4,Ana,Sul,Eletrônicos,3500,14000
87,Cliente_46,Headset,2025-07-29,4,João,Centro-Oeste,Acessórios,200,800
33,Cliente_16,Teclado,2025-02-20,4,Lucas,Sul,Acessórios,150,600
67,Cliente_68,Monitor,2025-04-28,2,Lucas,Sul,Eletrônicos,900,1800
18,Cliente_37,Teclado,2025-07-20,1,Mariana,Sudeste,Acessórios,150,150
25,Cliente_54,Mouse,2025-02-08,3,Ana,Nordeste,Acessórios,80,240
95,Cliente_85,Notebook,2025-01-28,3,Ana,Nordeste,Eletrônicos,3500,10500
54,Cliente_14,Headset,2025-09-16,4,Lucas,Sudeste,Acessórios,200,800
58,Cliente_95,Headset,2025-03-25,3,Carlos,Sudeste,Acessórios,200,600
67,Cliente_55,Notebook,2025-06-04,4,Mariana,Nordeste,Eletrônicos,3500,14000
46,Cliente_48,Notebook,2025-04-27,2,Mariana,Sul,Eletrônicos,3500,7000
24,Cliente_82,Mouse,2025-01-02,2,Lucas,Sul,Acessórios,80,160
32,Cliente_7,Teclado,2025-04-03,1,Lucas,Nordeste,Acessórios,150,150
47,Cliente_74,Headset,2025-06-15,2,Carlos,Sul,Acessórios,200,400
86,Cliente_7,Mouse,2025-12-16,2,Carlos,Sudeste,Acessórios,80,160
23,Cliente_33,Teclado,2025-10-23,1,Ana,Sul,Acessórios,150,150
66,Cliente_23,Mouse,2025-09-15,3,Mariana,Sul,Acessórios,80,240
27,Cliente_85,Headset,2025-03-22,4,Mariana,Centro-Oeste,Acessórios,200,800
2,Cliente_19,Notebook,2025-09-25,4,Lucas,Centro-Oeste,Eletrônicos,3500,14000
90,Cliente_19,Notebook,2025-08-23,3,Ana,Centro-Oeste,Eletrônicos,3500,10500
17,Cliente_36,Teclado,2025-11-17,1,Mariana,Sul,Acessórios,150,150
33,Cliente_29,Monitor,2025-11-07,3,Ana,Nordeste,Eletrônicos,900,2700
9,Cliente_60,Teclado,2025-10-28,2,Ana,Sudeste,Acessórios,150,300
43,Cliente_82,Monitor,2025-12-23,1,Lucas,Sul,Eletrônicos,900,900
48,Cliente_2,Mouse,2025-08-01,1,Ana,Nordeste,Acessórios,80,80
39,Cliente_1,Mouse,2025-03-03,1,Carlos,Sul,Acessórios,80,80
93,Cliente_47,Headset,2025-02-18,4,Carlos,Sudeste,Acessórios,200,800
42,Cliente_69,Monitor,2025-05-07,3,João,Sul,Eletrônicos,900,2700
26,Cliente_20,Headset,2025-08-11,1,Lucas,Sudeste,Acessórios,200,200
99,Cliente_11,Notebook,2025-10-06,1,João,Sul,Eletrônicos,3500,3500
50,Cliente_2,Monitor,2025-10-21,1,Carlos,Sudeste,Eletrônicos,900,900
25,Cliente_67,Teclado,2025-10-11,3,João,Sul,Acessórios,150,450
24,Cliente_87,Notebook,2025-10-04,4,Lucas,Sudeste,Eletrônicos,3500,14000
13,Cliente_12,Notebook,2025-04-17,2,Lucas,Centro-Oeste,Eletrônicos,3500,7000
60,Cliente_20,Teclado,2025-05-26,4,Ana,Sul,Acessórios,150,600
7,Cliente_5,Notebook,2025-04-09,1,Mariana,Sul,Eletrônicos,3500,3500
57,Cliente_37,Monitor,2025-03-14,4,Ana,Nordeste,Eletrônicos,900,3600
36,Cliente_38,Headset,2025-05-02,4,Lucas,Nordeste,Acessórios,200,800
45,Cliente_94,Notebook,2025-01-30,2,Carlos,Sudeste,Eletrônicos,3500,7000
20,Cliente_9,Monitor,2025-07-07,3,Carlos,Sul,Eletrônicos,900,2700
65,Cliente_98,Mouse,2025-12-30,3,Ana,Sudeste,Acessórios,80,240
8,Cliente_53,Monitor,2025-12-20,4,Lucas,Centro-Oeste,Eletrônicos,900,3600
16,Cliente_44,Headset,2025-10-15,4,Carlos,Nordeste,Acessórios,200,800
14,Cliente_99,Monitor,2025-07-14,3,Lucas,Sudeste,Eletrônicos,900,2700
76,Cliente_86,Teclado,2025-06-05,3,Carlos,Sudeste,Acessórios,150,450
87,Cliente_24,Headset,2025-06-21,2,Lucas,Nordeste,Acessórios,200,400
15,Cliente_81,Mouse,2025-12-01,1,João,Sul,Acessórios,80,80
92,Cliente_74,Teclado,2025-02-10,4,Lucas,Sudeste,Acessórios,150,600
98,Cliente_30,Monitor,2025-03-04,3,Lucas,Nordeste,Eletrônicos,900,2700
66,Cliente_59,Headset,2025-01-23,4,Ana,Sul,Acessórios,200,800
32,Cliente_87,Mouse,2025-12-26,4,João,Centro-Oeste,Acessórios,80,320
87,Cliente_96,Teclado,2025-03-16,3,Mariana,Nordeste,Acessórios,150,450
63,Cliente_81,Mouse,2025-02-17,2,Ana,Sudeste,Acessórios,80,160
86,Cliente_81,Monitor,2025-06-09,4,Mariana,Centro-Oeste,Eletrônicos,900,3600
51,Cliente_14,Mouse,2025-11-09,2,Carlos,Sul,Acessórios,80,160
25,Cliente_9,Notebook,2025-04-28,3,Mariana,Sul,Eletrônicos,3500,10500
58,Cliente_40,Teclado,2025-04-10,1,Lucas,Nordeste,Acessórios,150,150
63,Cliente_66,Mouse,2025-06-16,1,Mariana,Nordeste,Acessórios,80,80
62,Cliente_25,Monitor,2025-10-17,4,Ana,Nordeste,Eletrônicos,900,3600
22,Cliente_73,Monitor,2025-06-05,3,Ana,Sul,Eletrônicos,900,2700
58,Cliente_22,Mouse,2025-01-07,2,Mariana,Centro-Oeste,Acessórios,80,160
58,Cliente_4,Monitor,2025-07-15,4,Ana,Sul,Eletrônicos,900,3600
86,Cliente_26,Headset,2025-02-25,3,Ana,Sudeste,Acessórios,200,600
49,Cliente_58,Headset,2025-11-17,3,Mariana,Sul,Acessórios,200,600
52,Cliente_29,Headset,2025-07-12,2,João,Sudeste,Acessórios,200,400
42,Cliente_98,Notebook,2025-02-16,4,João,Centro-Oeste,Eletrônicos,3500,14000
70,Cliente_87,Mouse,2025-05-28,3,Carlos,Nordeste,Acessórios,80,240
15,Cliente_37,Notebook,2025-10-02,3,Ana,Nordeste,Eletrônicos,3500,10500
54,Cliente_75,Monitor,2025-06-06,3,Mariana,Sul,Eletrônicos,900,2700
60,Cliente_70,Notebook,2025-07-21,2,Ana,Nordeste,Eletrônicos,3500,7000
97,Cliente_18,Monitor,2025-05-06,4,Lucas,Centro-Oeste,Eletrônicos,900,3600
8,Cliente_85,Monitor,2025-11-01,4,Ana,Nordeste,Eletrônicos,900,3600
53,Cliente_42,Teclado,2025-10-21,4,Ana,Sul,Acessórios,150,600
60,Cliente_100,Headset,2025-03-05,4,João,Centro-Oeste,Acessórios,200,800
5,Cliente_41,Monitor,2025-11-21,1,Mariana,Sudeste,Eletrônicos,900,900
68,Cliente_38,Teclado,2025-06-25,1,Ana,Sul,Acessórios,150,150
6,Cliente_34,Headset,2025-04-26,4,João,Sudeste,Acessórios,200,800
96,Cliente_17,Monitor,2025-07-23,2,Carlos,Centro-Oeste,Eletrônicos,900,1800
94,Cliente_37,Monitor,2025-11-17,1,João,Sul,Eletrônicos,900,900
47,Cliente_25,Notebook,2025-01-31,3,João,Sul,Eletrônicos,3500,10500
99,Cliente_76,Notebook,2025-04-23,1,João,Centro-Oeste,Eletrônicos,3500,3500
55,Cliente_87,Headset,2025-12-31,3,Ana,Nordeste,Acessórios,200,600
40,Cliente_86,Monitor,2025-11-21,4,Ana,Sul,Eletrônicos,900,3600
52,Cliente_85,Mouse,2025-12-10,1,Carlos,Sul,Acessórios,80,80
16,Cliente_27,Notebook,2025-03-08,2,Lucas,Sudeste,Eletrônicos,3500,7000
13,Cliente_57,Headset,2025-03-16,1,Lucas,Nordeste,Acessórios,200,200
30,Cliente_31,Monitor,2025-02-14,1,Lucas,Sudeste,Eletrônicos,900,900
19,Cliente_6,Monitor,2025-09-17,1,Carlos,Sudeste,Eletrônicos,900,900
17,Cliente_91,Mouse,2025-06-03,4,Lucas,Nordeste,Acessórios,80,320
63,Cliente_40,Headset,2025-06-04,2,Lucas,Nordeste,Acessórios,200,400
19,Cliente_98,Monitor,2025-12-29,1,João,Centro-Oeste,Eletrônicos,900,900
92,Cliente_12,Notebook,2025-08-22,2,Ana,Nordeste,Eletrônicos,3500,7000
58,Cliente_53,Mouse,2025-02-20,4,Ana,Sul,Acessórios,80,320
55,Cliente_71,Headset,2025-11-02,3,João,Nordeste,Acessórios,200,600
90,Cliente_10,Mouse,2025-09-19,1,João,Centro-Oeste,Acessórios,80,80
90,Cliente_45,Notebook,2025-11-11,2,João,Centro-Oeste,Eletrônicos,3500,7000
62,Cliente_17,Headset,2025-05-05,2,Ana,Centro-Oeste,Acessórios,200,400
23,Cliente_26,Mouse,2025-09-02,4,Lucas,Nordeste,Acessórios,80,320
9,Cliente_85,Teclado,2025-01-30,1,João,Nordeste,Acessórios,150,150
12,Cliente_92,Notebook,2025-05-02,3,Carlos,Sudeste,Eletrônicos,3500,10500
1,Cliente_62,Notebook,2025-05-05,2,João,Sudeste,Eletrônicos,3500,7000
58,Cliente_46,Notebook,2025-02-06,1,Mariana,Sul,Eletrônicos,3500,3500
1,Cliente_64,Teclado,2025-06-19,3,João,Sudeste,Acessórios,150,450
34,Cliente_2,Teclado,2025-05-04,2,Ana,Sul,Acessórios,150,300
96,Cliente_54,Monitor,2025-12-23,2,João,Centro-Oeste,Eletrônicos,900,1800
48,Cliente_65,Mouse,2025-02-04,3,Mariana,Sudeste,Acessórios,80,240
89,Cliente_51,Monitor,2025-03-28,3,Carlos,Nordeste,Eletrônicos,900,2700
1,Cliente_53,Mouse,2025-05-14,4,Lucas,Sudeste,Acessórios,80,320
16,Cliente_36,Teclado,2025-07-15,1,João,Sul,Acessórios,150,150
61,Cliente_26,Teclado,2025-10-01,1,Mariana,Sudeste,Acessórios,150,150
64,Cliente_29,Monitor,2025-07-20,4,Mariana,Centro-Oeste,Eletrônicos,900,3600
63,Cliente_21,Headset,2025-10-12,2,Carlos,Nordeste,Acessórios,200,400
69,Cliente_11,Monitor,2025-03-18,3,Ana,Sul,Eletrônicos,900,2700
22,Cliente_40,Mouse,2025-02-28,3,João,Nordeste,Acessórios,80,240
93,Cliente_11,Monitor,2025-05-06,3,Mariana,Nordeste,Eletrônicos,900,2700
67,Cliente_36,Notebook,2025-04-19,2,Carlos,Sul,Eletrônicos,3500,7000
76,Cliente_59,Mouse,2025-08-12,3,Lucas,Nordeste,Acessórios,80,240
26,Cliente_39,Mouse,2025-10-05,3,Mariana,Nordeste,Acessórios,80,240
16,Cliente_99,Headset,2025-03-09,4,Carlos,Sudeste,Acessórios,200,800
51,Cliente_54,Teclado,2025-03-10,2,Ana,Nordeste,Acessórios,150,300
86,Cliente_98,Mouse,2025-06-14,1,Ana,Nordeste,Acessórios,80,80
57,Cliente_55,Teclado,2025-11-01,4,Mariana,Nordeste,Acessórios,150,600
29,Cliente_24,Monitor,2025-06-11,4,Mariana,Nordeste,Eletrônicos,900,3600
78,Cliente_22,Notebook,2025-12-31,1,João,Sul,Eletrônicos,3500,3500
92,Cliente_69,Headset,2025-12-08,4,Carlos,Centro-Oeste,Acessórios,200,800
69,Cliente_56,Teclado,2025-11-05,2,Mariana,Sudeste,Acessórios,150,300
47,Cliente_33,Mouse,2025-12-09,3,João,Nordeste,Acessórios,80,240
94,Cliente_36,Teclado,2025-02-11,2,João,Nordeste,Acessórios,150,300
62,Cliente_20,Mouse,2025-12-20,1,Mariana,Sul,Acessórios,80,80
69,Cliente_83,Teclado,2025-04-19,1,Ana,Centro-Oeste,Acessórios,150,150
76,Cliente_99,Mouse,2025-02-20,4,Carlos,Nordeste,Acessórios,80,320
16,Cliente_81,Monitor,2025-09-07,2,Carlos,Sul,Eletrônicos,900,1800
90,Cliente_62,Mouse,2025-12-07,2,Ana,Sudeste,Acessórios,80,160
90,Cliente_98,Mouse,2025-01-21,1,Mariana,Sudeste,Acessórios,80,80
48,Cliente_73,Notebook,2025-10-27,2,Carlos,Nordeste,Eletrônicos,3500,7000
85,Cliente_26,Mouse,2025-05-19,1,Mariana,Nordeste,Acessórios,80,80
39,Cliente_66,Notebook,2025-12-25,2,Mariana,Centro-Oeste,Eletrônicos,3500,7000
100,Cliente_73,Headset,2025-11-20,2,João,Centro-Oeste,Acessórios,200,400
33,Cliente_73,Notebook,2025-04-02,2,Ana,Nordeste,Eletrônicos,3500,7000
94,Cliente_40,Monitor,2025-10-07,1,Mariana,Sul,Eletrônicos,900,900
23,Cliente_17,Notebook,2025-05-05,4,Lucas,Centro-Oeste,Eletrônicos,3500,14000
10,Cliente_1,Headset,2025-04-21,2,Ana,Nordeste,Acessórios,200,400
69,Cliente_89,Monitor,2025-12-20,1,Carlos,Centro-Oeste,Eletrônicos,900,900
100,Cliente_61,Teclado,2025-05-19,1,João,Nordeste,Acessórios,150,150
34,Cliente_43,Teclado,2025-09-30,2,Carlos,Sudeste,Acessórios,150,300
52,Cliente_42,Notebook,2025-04-09,2,Carlos,Nordeste,Eletrônicos,3500,7000
95,Cliente_25,Notebook,2025-09-09,4,Ana,Sudeste,Eletrônicos,3500,14000
10,Cliente_39,Headset,2025-12-04,1,Carlos,Centro-Oeste,Acessórios,200,200
19,Cliente_35,Headset,2025-04-14,1,Mariana,Nordeste,Acessórios,200,200
58,Cliente_3,Mouse,2025-08-02,3,Carlos,Centro-Oeste,Acessórios,80,240
96,Cliente_44,Headset,2025-09-06,1,João,Sudeste,Acessórios,200,200
1,Cliente_51,Mouse,2025-06-01,4,João,Nordeste,Acessórios,80,320
69,Cliente_94,Monitor,2025-09-07,3,Lucas,Centro-Oeste,Eletrônicos,900,2700
4,Cliente_98,Notebook,2025-10-02,3,João,Sudeste,Eletrônicos,3500,10500
16,Cliente_12,Monitor,2025-06-14,3,Carlos,Centro-Oeste,Eletrônicos,900,2700
24,Cliente_19,Headset,2025-12-07,2,João,Sul,Acessórios,200,400
80,Cliente_44,Monitor,2025-01-08,2,Ana,Sudeste,Eletrônicos,900,1800
2,Cliente_59,Monitor,2025-10-11,1,João,Sudeste,Eletrônicos,900,900
92,Cliente_49,Monitor,2025-01-05,3,Mariana,Sudeste,Eletrônicos,900,2700
32,Cliente_61,Headset,2025-05-25,4,Ana,Nordeste,Acessórios,200,800
91,Cliente_17,Monitor,2025-04-11,2,Lucas,Nordeste,Eletrônicos,900,1800
84,Cliente_74,Mouse,2025-06-13,4,Mariana,Nordeste,Acessórios,80,320
24,Cliente_57,Headset,2025-05-27,4,Carlos,Sul,Acessórios,200,800
12,Cliente_55,Monitor,2025-03-05,2,Carlos,Sul,Eletrônicos,900,1800
50,Cliente_47,Headset,2025-04-01,2,Carlos,Sudeste,Acessórios,200,400
35,Cliente_12,Teclado,2025-04-27,2,Mariana,Sul,Acessórios,150,300
33,Cliente_62,Mouse,2025-12-20,2,Mariana,Centro-Oeste,Acessórios,80,160
33,Cliente_80,Monitor,2025-09-24,3,Mariana,Sudeste,Eletrônicos,900,2700
61,Cliente_88,Teclado,2025-11-06,3,Ana,Sudeste,Acessórios,150,450
51,Cliente_83,Teclado,2025-06-22,3,Ana,Centro-Oeste,Acessórios,150,450
43,Cliente_8,Headset,2025-02-16,3,Carlos,Sudeste,Acessórios,200,600
12,Cliente_95,Teclado,2025-05-20,1,João,Sul,Acessórios,150,150
67,Cliente_21,Mouse,2025-09-03,3,Carlos,Nordeste,Acessórios,80,240
65,Cliente_81,Mouse,2025-05-29,2,Lucas,Centro-Oeste,Acessórios,80,160
33,Cliente_87,Notebook,2025-09-03,4,Ana,Sul,Eletrônicos,3500,14000
40,Cliente_80,Mouse,2025-01-05,3,Mariana,Centro-Oeste,Acessórios,80,240
74,Cliente_70,Teclado,2025-07-03,1,Ana,Centro-Oeste,Acessórios,150,150
43,Cliente_72,Mouse,2025-01-20,2,Mariana,Sudeste,Acessórios,80,160
44,Cliente_25,Headset,2025-02-15,4,Lucas,Sudeste,Acessórios,200,800
29,Cliente_82,Notebook,2025-01-12,4,Lucas,Sul,Eletrônicos,3500,14000
13,Cliente_89,Teclado,2025-03-11,3,Ana,Centro-Oeste,Acessórios,150,450
12,Cliente_12,Notebook,2025-01-17,4,Mariana,Sudeste,Eletrônicos,3500,14000
95,Cliente_15,Teclado,2025-05-27,3,Lucas,Sudeste,Acessórios,150,450
46,Cliente_59,Headset,2025-06-03,3,Carlos,Centro-Oeste,Acessórios,200,600
2,Cliente_26,Notebook,2025-10-31,2,Carlos,Sul,Eletrônicos,3500,7000
35,Cliente_26,Monitor,2025-04-18,2,Mariana,Sul,Eletrônicos,900,1800
87,Cliente_47,Teclado,2025-08-24,1,Ana,Centro-Oeste,Acessórios,150,150
81,Cliente_32,Monitor,2025-11-04,2,Lucas,Sul,Eletrônicos,900,1800
90,Cliente_10,Notebook,2025-12-18,2,Ana,Sudeste,Eletrônicos,3500,7000
8,Cliente_16,Monitor,2025-03-11,3,Carlos,Centro-Oeste,Eletrônicos,900,2700
93,Cliente_71,Monitor,2025-07-02,2,Lucas,Sudeste,Eletrônicos,900,1800
26,Cliente_17,Notebook,2025-09-07,3,Ana,Nordeste,Eletrônicos,3500,10500
74,Cliente_23,Headset,2025-08-16,3,João,Nordeste,Acessórios,200,600
90,Cliente_26,Monitor,2025-04-12,2,Mariana,Sul,Eletrônicos,900,1800
34,Cliente_85,Monitor,2025-03-16,1,Mariana,Nordeste,Eletrônicos,900,900
7,Cliente_86,Headset,2025-08-04,1,João,Sudeste,Acessórios,200,200
68,Cliente_7,Monitor,2025-07-22,4,Carlos,Nordeste,Eletrônicos,900,3600
58,Cliente_14,Monitor,2025-07-11,4,Lucas,Sudeste,Eletrônicos,900,3600
75,Cliente_79,Monitor,2025-09-06,2,Mariana,Sul,Eletrônicos,900,1800
29,Cliente_7,Mouse,2025-08-30,1,João,Sul,Acessórios,80,80
36,Cliente_9,Headset,2025-06-28,3,João,Sudeste,Acessórios,200,600
89,Cliente_48,Monitor,2025-08-07,4,Carlos,Nordeste,Eletrônicos,900,3600
21,Cliente_72,Headset,2025-03-23,3,Carlos,Sul,Acessórios,200,600
36,Cliente_59,Teclado,2025-04-02,4,Ana,Centro-Oeste,Acessórios,150,600
10,Cliente_87,Teclado,2025-06-24,2,Mariana,Sul,Acessórios,150,300
73,Cliente_93,Monitor,2025-08-27,1,Ana,Nordeste,Eletrônicos,900,900
24,Cliente_82,Headset,2025-09-17,4,João,Centro-Oeste,Acessórios,200,800
64,Cliente_95,Headset,2025-12-31,1,Lucas,Nordeste,Acessórios,200,200
99,Cliente_94,Headset,2025-06-12,3,Lucas,Sudeste,Acessórios,200,600
49,Cliente_39,Mouse,2025-02-17,2,Carlos,Centro-Oeste,Acessórios,80,160
99,Cliente_99,Teclado,2025-11-25,1,Lucas,Nordeste,Acessórios,150,150
36,Cliente_18,Headset,2025-11-24,2,Lucas,Centro-Oeste,Acessórios,200,400
82,Cliente_59,Headset,2025-04-26,1,Lucas,Nordeste,Acessórios,200,200
96,Cliente_17,Mouse,2025-12-03,3,João,Centro-Oeste,Acessórios,80,240
24,Cliente_14,Mouse,2025-12-03,3,Lucas,Nordeste,Acessórios,80,240
23,Cliente_31,Headset,2025-08-13,2,Lucas,Sudeste,Acessórios,200,400
62,Cliente_24,Notebook,2025-12-18,3,Lucas,Centro-Oeste,Eletrônicos,3500,10500
96,Cliente_99,Headset,2025-11-24,4,Ana,Centro-Oeste,Acessórios,200,800
37,Cliente_60,Headset,2025-05-27,1,João,Centro-Oeste,Acessórios,200,200
12,Cliente_45,Mouse,2025-03-04,3,Carlos,Centro-Oeste,Acessórios,80,240
55,Cliente_98,Mouse,2025-10-21,4,Ana,Sudeste,Acessórios,80,320
13,Cliente_3,Headset,2025-11-19,2,Mariana,Centro-Oeste,Acessórios,200,400
23,Cliente_37,Headset,2025-11-21,4,João,Sul,Acessórios,200,800
89,Cliente_43,Headset,2025-01-13,2,João,Sudeste,Acessórios,200,400
99,Cliente_40,Mouse,2025-07-08,2,Mariana,Sul,Acessórios,80,160
30,Cliente_90,Headset,2025-10-14,1,Mariana,Centro-Oeste,Acessórios,200,200
17,Cliente_55,Headset,2025-07-27,1,Mariana,Nordeste,Acessórios,200,200
62,Cliente_87,Monitor,2025-04-24,4,Carlos,Sul,Eletrônicos,900,3600
84,Cliente_39,Notebook,2025-01-22,1,Lucas,Centro-Oeste,Eletrônicos,3500,3500
89,Cliente_15,Teclado,2025-12-15,1,João,Sul,Acessórios,150,150
86,Cliente_4,Notebook,2025-08-02,1,Lucas,Centro-Oeste,Eletrônicos,3500,3500
13,Cliente_93,Monitor,2025-06-20,4,Lucas,Centro-Oeste,Eletrônicos,900,3600
59,Cliente_86,Teclado,2025-11-19,3,Mariana,Centro-Oeste,Acessórios,150,450
19,Cliente_25,Headset,2025-02-23,1,Carlos,Nordeste,Acessórios,200,200
49,Cliente_13,Monitor,2025-10-25,1,Ana,Sul,Eletrônicos,900,900
100,Cliente_82,Headset,2025-11-16,4,Carlos,Sudeste,Acessórios,200,800
12,Cliente_33,Mouse,2025-05-06,3,Lucas,Sudeste,Acessórios,80,240
61,Cliente_16,Monitor,2025-10-04,1,Carlos,Sudeste,Eletrônicos,900,900
19,Cliente_42,Mouse,2025-07-23,2,Mariana,Sudeste,Acessórios,80,160
76,Cliente_66,Monitor,2025-07-13,4,Ana,Centro-Oeste,Eletrônicos,900,3600
9,Cliente_55,Monitor,2025-06-18,1,Mariana,Sul,Eletrônicos,900,900
71,Cliente_99,Mouse,2025-06-01,1,Ana,Sul,Acessórios,80,80
28,Cliente_42,Teclado,2025-02-04,2,Lucas,Nordeste,Acessórios,150,300
78,Cliente_34,Notebook,2025-07-03,2,Ana,Sul,Eletrônicos,3500,7000
95,Cliente_30,Headset,2025-10-13,4,Ana,Sul,Acessórios,200,800
52,Cliente_13,Monitor,2025-02-26,4,Ana,Sul,Eletrônicos,900,3600
83,Cliente_13,Headset,2025-08-10,2,Carlos,Nordeste,Acessórios,200,400
16,Cliente_18,Mouse,2025-10-30,4,Carlos,Sudeste,Acessórios,80,320
69,Cliente_32,Headset,2025-06-12,2,Lucas,Sul,Acessórios,200,400
99,Cliente_96,Mouse,2025-01-19,1,Ana,Nordeste,Acessórios,80,80
12,Cliente_99,Headset,2025-09-21,2,João,Nordeste,Acessórios,200,400
25,Cliente_39,Notebook,2025-10-09,2,Lucas,Centro-Oeste,Eletrônicos,3500,7000
52,Cliente_46,Notebook,2025-04-23,3,Ana,Nordeste,Eletrônicos,3500,10500
85,Cliente_29,Notebook,2025-11-23,2,Ana,Sudeste,Eletrônicos,3500,7000
100,Cliente_62,Notebook,2025-01-30,2,Carlos,Sul,Eletrônicos,3500,7000
53,Cliente_93,Notebook,2025-05-15,3,Lucas,Nordeste,Eletrônicos,3500,10500
23,Cliente_62,Notebook,2025-03-08,4,Ana,Sudeste,Eletrônicos,3500,14000
16,Cliente_57,Mouse,2025-03-06,3,Ana,Nordeste,Acessórios,80,240
57,Cliente_16,Monitor,2025-10-19,1,Lucas,Nordeste,Eletrônicos,900,900
39,Cliente_56,Headset,2025-01-25,3,João,Nordeste,Acessórios,200,600
53,Cliente_10,Notebook,2025-02-06,1,Lucas,Nordeste,Eletrônicos,3500,3500
42,Cliente_30,Mouse,2025-01-01,4,Lucas,Nordeste,Acessórios,80,320
58,Cliente_25,Mouse,2025-02-06,3,João,Sudeste,Acessórios,80,240
39,Cliente_84,Mouse,2025-05-21,3,Lucas,Sul,Acessórios,80,240
14,Cliente_5,Monitor,2025-08-20,4,Ana,Sul,Eletrônicos,900,3600
95,Cliente_65,Headset,2025-05-16,1,Lucas,Sul,Acessórios,200,200
5,Cliente_94,Monitor,2025-07-07,3,João,Sul,Eletrônicos,900,2700
35,Cliente_49,Teclado,2025-05-08,1,Mariana,Sudeste,Acessórios,150,150
87,Cliente_3,Mouse,2025-07-20,3,Lucas,Centro-Oeste,Acessórios,80,240
93,Cliente_45,Teclado,2025-05-07,2,Carlos,Centro-Oeste,Acessórios,150,300
75,Cliente_14,Notebook,2025-09-14,3,Ana,Sudeste,Eletrônicos,3500,10500
18,Cliente_30,Notebook,2025-06-13,4,Ana,Sudeste,Eletrônicos,3500,14000
76,Cliente_68,Monitor,2025-02-04,4,Carlos,Nordeste,Eletrônicos,900,3600
9,Cliente_18,Headset,2025-07-13,1,Carlos,Nordeste,Acessórios,200,200
74,Cliente_62,Teclado,2025-07-10,3,Lucas,Nordeste,Acessórios,150,450
58,Cliente_37,Headset,2025-04-14,1,Carlos,Sul,Acessórios,200,200
17,Cliente_25,Monitor,2025-01-23,1,Mariana,Nordeste,Eletrônicos,900,900
7,Cliente_48,Notebook,2025-09-22,2,João,Centro-Oeste,Eletrônicos,3500,7000
46,Cliente_65,Headset,2025-10-17,2,Carlos,Sul,Acessórios,200,400
13,Cliente_53,Headset,2025-09-17,4,Carlos,Nordeste,Acessórios,200,800
40,Cliente_79,Notebook,2025-12-24,1,Mariana,Sul,Eletrônicos,3500,3500
42,Cliente_73,Teclado,2025-03-16,4,Ana,Centro-Oeste,Acessórios,150,600
9,Cliente_15,Notebook,2025-12-21,3,Ana,Nordeste,Eletrônicos,3500,10500
50,Cliente_49,Headset,2025-03-13,1,Lucas,Centro-Oeste,Acessórios,200,200
27,Cliente_88,Teclado,2025-09-16,1,Mariana,Centro-Oeste,Acessórios,150,150
66,Cliente_68,Teclado,2025-07-07,3,João,Centro-Oeste,Acessórios,150,450
5,Cliente_12,Notebook,2025-06-22,3,João,Nordeste,Eletrônicos,3500,10500
29,Cliente_59,Headset,2025-10-17,4,Mariana,Sudeste,Acessórios,200,800
37,Cliente_37,Monitor,2025-02-14,4,João,Nordeste,Eletrônicos,900,3600
38,Cliente_61,Headset,2025-03-02,3,Ana,Centro-Oeste,Acessórios,200,600
83,Cliente_43,Mouse,2025-03-24,4,João,Nordeste,Acessórios,80,320
8,Cliente_70,Monitor,2025-05-03,3,João,Centro-Oeste,Eletrônicos,900,2700
65,Cliente_39,Teclado,2025-12-24,1,Mariana,Sudeste,Acessórios,150,150
86,Cliente_56,Monitor,2025-01-16,1,Mariana,Sul,Eletrônicos,900,900
17,Cliente_63,Teclado,2025-03-07,2,João,Sudeste,Acessórios,150,300
71,Cliente_46,Teclado,2025-05-25,1,Carlos,Sudeste,Acessórios,150,150
89,Cliente_88,Monitor,2025-06-11,3,Mariana,Sul,Eletrônicos,900,2700
45,Cliente_11,Teclado,2025-08-22,4,Lucas,Nordeste,Acessórios,150,600
4,Cliente_62,Teclado,2025-05-24,2,Lucas,Sul,Acessórios,150,300
36,Cliente_77,Mouse,2025-12-24,4,Ana,Nordeste,Acessórios,80,320
70,Cliente_98,Headset,2025-07-07,3,João,Nordeste,Acessórios,200,600
31,Cliente_25,Headset,2025-11-18,1,Carlos,Centro-Oeste,Acessórios,200,200
19,Cliente_71,Mouse,2025-01-13,2,Ana,Centro-Oeste,Acessórios,80,160
61,Cliente_52,Monitor,2025-07-03,3,João,Sul,Eletrônicos,900,2700
54,Cliente_4,Notebook,2025-04-21,2,Mariana,Sudeste,Eletrônicos,3500,7000
39,Cliente_59,Notebook,2025-10-17,2,Lucas,Sul,Eletrônicos,3500,7000
91,Cliente_72,Notebook,2025-10-22,1,Carlos,Nordeste,Eletrônicos,3500,3500
74,Cliente_20,Mouse,2025-08-03,3,Lucas,Centro-Oeste,Acessórios,80,240
90,Cliente_93,Mouse,2025-04-30,4,Mariana,Sul,Acessórios,80,320
19,Cliente_63,Teclado,2025-02-24,2,João,Sul,Acessórios,150,300
39,Cliente_54,Notebook,2025-01-27,2,Mariana,Centro-Oeste,Eletrônicos,3500,7000
67,Cliente_74,Monitor,2025-04-28,4,Mariana,Centro-Oeste,Eletrônicos,900,3600
45,Cliente_98,Monitor,2025-08-09,3,Lucas,Centro-Oeste,Eletrônicos,900,2700
13,Cliente_57,Notebook,2025-08-19,2,Carlos,Nordeste,Eletrônicos,3500,7000
92,Cliente_90,Notebook,2025-02-22,2,Mariana,Centro-Oeste,Eletrônicos,3500,7000
58,Cliente_41,Notebook,2025-10-22,2,Lucas,Sudeste,Eletrônicos,3500,7000
20,Cliente_3,Mouse,2025-11-17,3,Carlos,Sul,Acessórios,80,240
92,Cliente_6,Mouse,2025-08-21,3,João,Centro-Oeste,Acessórios,80,240
72,Cliente_5,Mouse,2025-06-07,4,João,Centro-Oeste,Acessórios,80,320
61,Cliente_5,Headset,2025-09-26,3,Ana,Nordeste,Acessórios,200,600
39,Cliente_54,Monitor,2025-01-21,3,Lucas,Nordeste,Eletrônicos,900,2700
1,Cliente_47,Monitor,2025-02-22,1,Carlos,Sul,Eletrônicos,900,900
3,Cliente_87,Teclado,2025-10-02,4,Mariana,Sudeste,Acessórios,150,600
77,Cliente_49,Mouse,2025-11-09,2,João,Sul,Acessórios,80,160
92,Cliente_9,Headset,2025-10-08,3,Carlos,Centro-Oeste,Acessórios,200,600
62,Cliente_99,Headset,2025-08-02,2,Lucas,Sudeste,Acessórios,200,400
63,Cliente_20,Monitor,2025-01-31,2,Ana,Sudeste,Eletrônicos,900,1800
25,Cliente_61,Mouse,2025-12-03,1,João,Sudeste,Acessórios,80,80
56,Cliente_35,Teclado,2025-07-02,3,Carlos,Sudeste,Acessórios,150,450
33,Cliente_50,Mouse,2025-01-23,4,Carlos,Sul,Acessórios,80,320
38,Cliente_82,Notebook,2025-02-01,3,Carlos,Nordeste,Eletrônicos,3500,10500
6,Cliente_62,Mouse,2025-03-15,2,Lucas,Nordeste,Acessórios,80,160
58,Cliente_17,Notebook,2025-01-10,4,Lucas,Centro-Oeste,Eletrônicos,3500,14000
44,Cliente_88,Notebook,2025-02-23,3,Lucas,Nordeste,Eletrônicos,3500,10500
45,Cliente_3,Teclado,2025-02-21,2,Mariana,Nordeste,Acessórios,150,300
32,Cliente_32,Monitor,2025-05-28,2,Carlos,Nordeste,Eletrônicos,900,1800
45,Cliente_99,Mouse,2025-06-09,1,João,Nordeste,Acessórios,80,80
61,Cliente_13,Notebook,2025-01-14,1,Lucas,Centro-Oeste,Eletrônicos,3500,3500
47,Cliente_89,Mouse,2025-06-27,1,Lucas,Sul,Acessórios,80,80
21,Cliente_73,Monitor,2025-02-22,2,Carlos,Sudeste,Eletrônicos,900,1800
80,Cliente_68,Monitor,2025-12-01,3,Lucas,Nordeste,Eletrônicos,900,2700
85,Cliente_14,Headset,2025-01-22,1,Mariana,Sul,Acessórios,200,200
75,Cliente_98,Monitor,2025-01-30,3,Mariana,Nordeste,Eletrônicos,900,2700
36,Cliente_11,Teclado,2025-07-10,1,Lucas,Nordeste,Acessórios,150,150
99,Cliente_56,Notebook,2025-09-17,4,Carlos,Sudeste,Eletrônicos,3500,14000
19,Cliente_67,Headset,2025-07-24,4,Carlos,Sudeste,Acessórios,200,800
20,Cliente_92,Teclado,2025-02-28,1,Carlos,Sudeste,Acessórios,150,150
57,Cliente_29,Mouse,2025-09-21,2,Ana,Nordeste,Acessórios,80,160
18,Cliente_9,Notebook,2025-01-12,1,Lucas,Nordeste,Eletrônicos,3500,3500
47,Cliente_67,Monitor,2025-04-29,1,Carlos,Nordeste,Eletrônicos,900,900
49,Cliente_25,Notebook,2025-10-17,2,Mariana,Sudeste,Eletrônicos,3500,7000
14,Cliente_98,Mouse,2025-12-04,4,João,Centro-Oeste,Acessórios,80,320
15,Cliente_76,Headset,2025-09-05,3,João,Sul,Acessórios,200,600
31,Cliente_42,Headset,2025-12-20,1,Carlos,Centro-Oeste,Acessórios,200,200
1,Cliente_9,Headset,2025-05-07,2,João,Nordeste,Acessórios,200,400
54,Cliente_79,Monitor,2025-03-16,1,João,Nordeste,Eletrônicos,900,900
3,Cliente_40,Teclado,2025-12-27,2,Ana,Centro-Oeste,Acessórios,150,300
16,Cliente_25,Teclado,2025-07-23,3,Mariana,Nordeste,Acessórios,150,450
87,Cliente_5,Notebook,2025-02-18,3,Mariana,Sul,Eletrônicos,3500,10500
57,Cliente_11,Monitor,2025-03-20,4,Ana,Nordeste,Eletrônicos,900,3600
75,Cliente_59,Headset,2025-08-29,2,Ana,Sul,Acessórios,200,400
12,Cliente_98,Headset,2025-12-15,2,João,Centro-Oeste,Acessórios,200,400
74,Cliente_88,Mouse,2025-06-03,4,Lucas,Centro-Oeste,Acessórios,80,320
96,Cliente_79,Mouse,2025-10-01,4,João,Nordeste,Acessórios,80,320
16,Cliente_38,Headset,2025-04-06,2,Ana,Sul,Acessórios,200,400
72,Cliente_72,Headset,2025-08-02,4,Mariana,Nordeste,Acessórios,200,800
76,Cliente_5,Monitor,2025-10-21,3,João,Sudeste,Eletrônicos,900,2700
24,Cliente_48,Teclado,2025-07-28,1,Lucas,Sudeste,Acessórios,150,150
28,Cliente_90,Mouse,2025-12-09,3,João,Sudeste,Acessórios,80,240
8,Cliente_18,Teclado,2025-03-29,4,Carlos,Sudeste,Acessórios,150,600
92,Cliente_70,Monitor,2025-11-02,2,João,Nordeste,Eletrônicos,900,1800
36,Cliente_37,Headset,2025-09-21,2,Ana,Sudeste,Acessórios,200,400
90,Cliente_60,Teclado,2025-11-21,3,Mariana,Sul,Acessórios,150,450
8,Cliente_48,Headset,2025-11-16,2,Mariana,Centro-Oeste,Acessórios,200,400
58,Cliente_77,Headset,2025-06-06,4,Ana,Centro-Oeste,Acessórios,200,800
60,Cliente_28,Notebook,2025-06-05,3,Carlos,Sudeste,Eletrônicos,3500,10500
50,Cliente_69,Teclado,2025-05-19,2,Ana,Sudeste,Acessórios,150,300
28,Cliente_77,Teclado,2025-05-01,1,João,Sudeste,Acessórios,150,150
92,Cliente_81,Headset,2025-03-06,1,Ana,Nordeste,Acessórios,200,200
41,Cliente_40,Monitor,2025-04-17,4,Ana,Centro-Oeste,Eletrônicos,900,3600
100,Cliente_45,Notebook,2025-05-27,2,Carlos,Sudeste,Eletrônicos,3500,7000
64,Cliente_96,Headset,2025-05-17,4,João,Sul,Acessórios,200,800
27,Cliente_62,Mouse,2025-06-11,3,Lucas,Sudeste,Acessórios,80,240
63,Cliente_93,Mouse,2025-04-10,1,Lucas,Centro-Oeste,Acessórios,80,80
17,Cliente_58,Notebook,2025-12-04,3,Mariana,Sudeste,Eletrônicos,3500,10500
73,Cliente_67,Monitor,2025-11-03,2,Ana,Centro-Oeste,Eletrônicos,900,1800
33,Cliente_56,Headset,2025-05-21,4,Mariana,Sudeste,Acessórios,200,800
84,Cliente_40,Teclado,2025-03-24,4,Carlos,Sul,Acessórios,150,600
77,Cliente_98,Notebook,2025-06-26,4,Lucas,Sudeste,Eletrônicos,3500,14000
92,Cliente_40,Monitor,2025-07-17,3,Ana,Sul,Eletrônicos,900,2700
29,Cliente_91,Teclado,2025-04-22,1,Carlos,Sul,Acessórios,150,150
13,Cliente_77,Mouse,2025-02-25,3,Carlos,Sudeste,Acessórios,80,240
46,Cliente_33,Mouse,2025-06-28,3,Ana,Sul,Acessórios,80,240
35,Cliente_6,Teclado,2025-07-05,2,Carlos,Nordeste,Acessórios,150,300
6,Cliente_88,Notebook,2025-08-06,2,Ana,Sudeste,Eletrônicos,3500,7000
82,Cliente_19,Mouse,2025-11-12,2,Ana,Sudeste,Acessórios,80,160
69,Cliente_80,Headset,2025-08-05,1,João,Sul,Acessórios,200,200
47,Cliente_40,Teclado,2025-04-30,1,Mariana,Sul,Acessórios,150,150
25,Cliente_92,Teclado,2025-06-24,2,Carlos,Sudeste,Acessórios,150,300
66,Cliente_97,Mouse,2025-01-23,2,Carlos,Nordeste,Acessórios,80,160
10,Cliente_59,Notebook,2025-08-01,1,João,Sul,Eletrônicos,3500,3500
56,Cliente_59,Headset,2025-08-23,4,João,Sul,Acessórios,200,800
30,Cliente_48,Notebook,2025-01-13,1,João,Centro-Oeste,Eletrônicos,3500,3500
5,Cliente_41,Monitor,2025-04-11,1,Lucas,Nordeste,Eletrônicos,900,900
33,Cliente_13,Monitor,2025-01-24,1,Lucas,Nordeste,Eletrônicos,900,900
65,Cliente_45,Mouse,2025-12-30,2,Lucas,Sudeste,Acessórios,80,160
18,Cliente_89,Mouse,2025-01-11,4,Ana,Nordeste,Acessórios,80,320
96,Cliente_53,Mouse,2025-09-30,1,Carlos,Sudeste,Acessórios,80,80
49,Cliente_42,Monitor,2025-10-08,2,Mariana,Centro-Oeste,Eletrônicos,900,1800
11,Cliente_100,Notebook,2025-04-04,3,Ana,Nordeste,Eletrônicos,3500,10500
85,Cliente_63,Notebook,2025-07-20,3,Carlos,Sul,Eletrônicos,3500,10500
26,Cliente_27,Mouse,2025-01-21,1,Carlos,Centro-Oeste,Acessórios,80,80
63,Cliente_38,Headset,2025-12-06,3,João,Sudeste,Acessórios,200,600
89,Cliente_60,Notebook,2025-07-30,4,João,Centro-Oeste,Eletrônicos,3500,14000
86,Cliente_7,Monitor,2025-05-20,3,Ana,Sudeste,Eletrônicos,900,2700
59,Cliente_5,Teclado,2025-10-20,3,João,Centro-Oeste,Acessórios,150,450
27,Cliente_45,Teclado,2025-10-25,4,Carlos,Sudeste,Acessórios,150,600
49,Cliente_58,Teclado,2025-04-11,1,João,Nordeste,Acessórios,150,150
77,Cliente_31,Headset,2025-10-31,1,Lucas,Sul,Acessórios,200,200
33,Cliente_23,Mouse,2025-12-25,4,João,Sudeste,Acessórios,80,320
98,Cliente_42,Monitor,2025-01-28,4,Carlos,Centro-Oeste,Eletrônicos,900,3600
99,Cliente_10,Headset,2025-02-10,4,Ana,Sudeste,Acessórios,200,800
1,Cliente_32,Monitor,2025-12-21,3,Mariana,Sudeste,Eletrônicos,900,2700
21,Cliente_53,Monitor,2025-10-30,4,João,Sudeste,Eletrônicos,900,3600
55,Cliente_30,Mouse,2025-05-26,2,Carlos,Centro-Oeste,Acessórios,80,160
6,Cliente_39,Teclado,2025-09-13,3,Mariana,Sul,Acessórios,150,450
92,Cliente_31,Mouse,2025-08-15,1,Mariana,Nordeste,Acessórios,80,80
81,Cliente_82,Headset,2025-08-24,1,Lucas,Sul,Acessórios,200,200
69,Cliente_100,Headset,2025-12-27,1,Mariana,Sudeste,Acessórios,200,200
95,Cliente_2,Headset,2025-01-13,3,Carlos,Centro-Oeste,Acessórios,200,600
5,Cliente_78,Mouse,2025-07-29,2,Carlos,Sul,Acessórios,80,160
3,Cliente_77,Monitor,2025-08-17,4,João,Sudeste,Eletrônicos,900,3600
53,Cliente_93,Monitor,2025-04-10,4,João,Nordeste,Eletrônicos,900,3600
23,Cliente_12,Notebook,2025-01-31,1,João,Nordeste,Eletrônicos,3500,3500
53,Cliente_39,Headset,2025-01-16,1,Mariana,Nordeste,Acessórios,200,200
37,Cliente_66,Monitor,2025-05-17,3,Mariana,Sudeste,Eletrônicos,900,2700
74,Cliente_96,Notebook,2025-11-25,2,Lucas,Centro-Oeste,Eletrônicos,3500,7000
74,Cliente_13,Monitor,2025-06-15,4,João,Sul,Eletrônicos,900,3600
83,Cliente_46,Headset,2025-11-06,3,Ana,Nordeste,Acessórios,200,600
17,Cliente_27,Teclado,2025-04-10,4,Lucas,Sudeste,Acessórios,150,600
85,Cliente_17,Headset,2025-04-19,1,Ana,Sudeste,Acessórios,200,200
78,Cliente_95,Mouse,2025-12-09,4,Mariana,Sul,Acessórios,80,320
73,Cliente_98,Monitor,2025-06-22,2,Lucas,Nordeste,Eletrônicos,900,1800
1,Cliente_60,Monitor,2025-08-25,2,Lucas,Sudeste,Eletrônicos,900,1800
51,Cliente_64,Mouse,2025-06-11,1,Carlos,Sul,Acessórios,80,80
45,Cliente_88,Mouse,2025-08-04,2,Mariana,Centro-Oeste,Acessórios,80,160
77,Cliente_35,Teclado,2025-09-21,2,Mariana,Centro-Oeste,Acessórios,150,300
4,Cliente_70,Monitor,2025-09-20,3,Lucas,Centro-Oeste,Eletrônicos,900,2700
62,Cliente_83,Monitor,2025-10-19,4,Mariana,Nordeste,Eletrônicos,900,3600
65,Cliente_30,Teclado,2025-10-01,1,Lucas,Sul,Acessórios,150,150
32,Cliente_71,Notebook,2025-01-03,1,Carlos,Sul,Eletrônicos,3500,3500
34,Cliente_74,Teclado,2025-01-28,1,Lucas,Sudeste,Acessórios,150,150
92,Cliente_96,Headset,2025-11-22,1,Mariana,Sudeste,Acessórios,200,200
95,Cliente_98,Monitor,2025-05-29,1,Mariana,Sudeste,Eletrônicos,900,900
72,Cliente_63,Mouse,2025-01-28,2,Lucas,Sul,Acessórios,80,160
39,Cliente_28,Headset,2025-11-06,3,Lucas,Sudeste,Acessórios,200,600
26,Cliente_60,Monitor,2025-03-06,1,Lucas,Sul,Eletrônicos,900,900
34,Cliente_79,Teclado,2025-12-22,3,João,Sul,Acessórios,150,450
54,Cliente_94,Headset,2025-01-21,3,Mariana,Centro-Oeste,Acessórios,200,600
3,Cliente_37,Monitor,2025-09-09,2,Mariana,Sudeste,Eletrônicos,900,1800
50,Cliente_93,Notebook,2025-08-23,1,João,Centro-Oeste,Eletrônicos,3500,3500
12,Cliente_22,Notebook,2025-08-15,2,Lucas,Nordeste,Eletrônicos,3500,7000
65,Cliente_68,Mouse,2025-01-13,1,Carlos,Nordeste,Acessórios,80,80
54,Cliente_20,Monitor,2025-11-09,2,Lucas,Nordeste,Eletrônicos,900,1800
5,Cliente_96,Notebook,2025-02-18,3,Lucas,Sul,Eletrônicos,3500,10500
94,Cliente_100,Teclado,2025-04-28,1,João,Sul,Acessórios,150,150
94,Cliente_68,Monitor,2025-02-23,4,Mariana,Sul,Eletrônicos,900,3600
57,Cliente_91,Teclado,2025-05-18,3,Lucas,Sudeste,Acessórios,150,450
17,Cliente_64,Teclado,2025-02-22,4,Mariana,Centro-Oeste,Acessórios,150,600
47,Cliente_17,Notebook,2025-02-13,3,Ana,Sul,Eletrônicos,3500,10500
23,Cliente_12,Monitor,2025-10-30,2,Mariana,Centro-Oeste,Eletrônicos,900,1800
79,Cliente_22,Headset,2025-02-22,1,Carlos,Centro-Oeste,Acessórios,200,200
85,Cliente_17,Notebook,2025-03-15,3,Carlos,Centro-Oeste,Eletrônicos,3500,10500
14,Cliente_10,Notebook,2025-02-15,2,Lucas,Sudeste,Eletrônicos,3500,7000
66,Cliente_65,Monitor,2025-01-13,1,Mariana,Sudeste,Eletrônicos,900,900
75,Cliente_22,Monitor,2025-06-14,1,Lucas,Nordeste,Eletrônicos,900,900
51,Cliente_90,Teclado,2025-04-12,3,João,Nordeste,Acessórios,150,450
38,Cliente_82,Monitor,2025-10-07,1,Carlos,Centro-Oeste,Eletrônicos,900,900
64,Cliente_50,Teclado,2025-09-15,3,Lucas,Nordeste,Acessórios,150,450
98,Cliente_14,Notebook,2025-12-03,1,João,Centro-Oeste,Eletrônicos,3500,3500
38,Cliente_64,Mouse,2025-12-22,4,Lucas,Sudeste,Acessórios,80,320
50,Cliente_47,Headset,2025-05-18,2,Mariana,Sudeste,Acessórios,200,400
98,Cliente_29,Notebook,2025-06-12,4,Mariana,Sudeste,Eletrônicos,3500,14000
82,Cliente_76,Monitor,2025-04-21,3,Mariana,Sul,Eletrônicos,900,2700
30,Cliente_36,Headset,2025-04-12,4,Mariana,Centro-Oeste,Acessórios,200,800
79,Cliente_99,Mouse,2025-01-17,3,Ana,Sudeste,Acessórios,80,240
91,Cliente_52,Mouse,2025-09-25,1,João,Centro-Oeste,Acessórios,80,80
51,Cliente_76,Teclado,2025-07-01,1,João,Nordeste,Acessórios,150,150
63,Cliente_7,Headset,2025-01-24,3,Mariana,Nordeste,Acessórios,200,600
98,Cliente_29,Teclado,2025-01-29,4,Ana,Sudeste,Acessórios,150,600
52,Cliente_11,Notebook,2025-06-20,1,Mariana,Centro-Oeste,Eletrônicos,3500,3500
38,Cliente_33,Headset,2025-08-16,2,Ana,Sudeste,Acessórios,200,400
97,Cliente_6,Notebook,2025-07-07,1,Mariana,Nordeste,Eletrônicos,3500,3500
88,Cliente_79,Teclado,2025-12-12,2,Carlos,Sudeste,Acessórios,150,300
79,Cliente_32,Headset,2025-08-18,4,Carlos,Centro-Oeste,Acessórios,200,800
30,Cliente_51,Teclado,2025-11-17,2,Lucas,Nordeste,Acessórios,150,300
51,Cliente_75,Headset,2025-12-06,2,Mariana,Sul,Acessórios,200,400
81,Cliente_58,Teclado,2025-04-29,2,João,Nordeste,Acessórios,150,300
5,Cliente_87,Mouse,2025-06-05,2,Lucas,Sul,Acessórios,80,160
29,Cliente_26,Teclado,2025-09-29,1,Carlos,Sudeste,Acessórios,150,150
4,Cliente_98,Mouse,2025-06-24,2,Mariana,Sudeste,Acessórios,80,160
10,Cliente_46,Teclado,2025-04-14,1,Lucas,Centro-Oeste,Acessórios,150,150
56,Cliente_98,Headset,2025-04-02,2,Mariana,Sul,Acessórios,200,400
17,Cliente_29,Headset,2025-07-05,3,Carlos,Sudeste,Acessórios,200,600
74,Cliente_4,Headset,2025-10-10,4,Lucas,Sul,Acessórios,200,800
17,Cliente_81,Monitor,2025-06-30,2,Carlos,Sudeste,Eletrônicos,900,1800
84,Cliente_99,Notebook,2025-06-19,3,Ana,Nordeste,Eletrônicos,3500,10500
88,Cliente_13,Headset,2025-07-06,2,Carlos,Sudeste,Acessórios,200,400
69,Cliente_39,Mouse,2025-06-24,2,Mariana,Centro-Oeste,Acessórios,80,160
34,Cliente_15,Headset,2025-08-10,2,João,Nordeste,Acessórios,200,400
6,Cliente_29,Monitor,2025-08-21,3,Carlos,Centro-Oeste,Eletrônicos,900,2700
53,Cliente_29,Mouse,2025-06-11,4,João,Nordeste,Acessórios,80,320
66,Cliente_75,Monitor,2025-05-14,3,Ana,Sul,Eletrônicos,900,2700
77,Cliente_32,Mouse,2025-08-12,4,Lucas,Centro-Oeste,Acessórios,80,320
43,Cliente_2,Teclado,2025-06-02,2,Lucas,Sudeste,Acessórios,150,300
75,Cliente_47,Notebook,2025-02-02,1,João,Sul,Eletrônicos,3500,3500
23,Cliente_78,Notebook,2025-02-24,2,Lucas,Sudeste,Eletrônicos,3500,7000
55,Cliente_84,Monitor,2025-01-07,4,Carlos,Nordeste,Eletrônicos,900,3600
80,Cliente_22,Notebook,2025-09-01,3,João,Nordeste,Eletrônicos,3500,10500
95,Cliente_75,Monitor,2025-11-09,2,Mariana,Sudeste,Eletrônicos,900,1800
75,Cliente_27,Monitor,2025-05-06,3,Carlos,Sudeste,Eletrônicos,900,2700
16,Cliente_67,Monitor,2025-01-12,3,Carlos,Sul,Eletrônicos,900,2700
8,Cliente_81,Notebook,2025-01-16,3,Carlos,Sudeste,Eletrônicos,3500,10500
4,Cliente_56,Monitor,2025-07-27,2,Mariana,Centro-Oeste,Eletrônicos,900,1800
4,Cliente_92,Notebook,2025-02-12,3,Ana,Centro-Oeste,Eletrônicos,3500,10500
56,Cliente_93,Monitor,2025-05-15,3,Lucas,Sudeste,Eletrônicos,900,2700
25,Cliente_21,Headset,2025-08-16,2,João,Centro-Oeste,Acessórios,200,400
67,Cliente_47,Monitor,2025-04-21,3,Ana,Sudeste,Eletrônicos,900,2700
96,Cliente_80,Mouse,2025-11-03,2,João,Sul,Acessórios,80,160
67,Cliente_59,Monitor,2025-06-09,4,Lucas,Centro-Oeste,Eletrônicos,900,3600
27,Cliente_84,Teclado,2025-11-27,4,Mariana,Centro-Oeste,Acessórios,150,600
93,Cliente_6,Monitor,2025-09-21,4,Carlos,Sudeste,Eletrônicos,900,3600
32,Cliente_19,Mouse,2025-08-13,3,Carlos,Centro-Oeste,Acessórios,80,240
50,Cliente_57,Mouse,2025-08-05,1,Mariana,Nordeste,Acessórios,80,80
61,Cliente_69,Notebook,2025-02-14,1,Ana,Sul,Eletrônicos,3500,3500
51,Cliente_3,Headset,2025-08-02,3,Ana,Sul,Acessórios,200,600
19,Cliente_1,Monitor,2025-02-28,1,João,Centro-Oeste,Eletrônicos,900,900
21,Cliente_58,Notebook,2025-05-12,2,Mariana,Centro-Oeste,Eletrônicos,3500,7000
5,Cliente_38,Headset,2025-04-14,1,Ana,Nordeste,Acessórios,200,200
82,Cliente_15,Monitor,2025-07-14,3,Mariana,Nordeste,Eletrônicos,900,2700
92,Cliente_34,Teclado,2025-06-06,3,Lucas,Centro-Oeste,Acessórios,150,450
42,Cliente_61,Monitor,2025-04-08,2,Carlos,Centro-Oeste,Eletrônicos,900,1800
61,Cliente_35,Mouse,2025-08-14,4,Carlos,Nordeste,Acessórios,80,320
22,Cliente_64,Mouse,2025-07-24,3,Carlos,Sudeste,Acessórios,80,240
21,Cliente_25,Teclado,2025-03-20,2,Mariana,Nordeste,Acessórios,150,300
70,Cliente_24,Notebook,2025-05-04,1,Mariana,Sudeste,Eletrônicos,3500,3500
1,Cliente_12,Headset,2025-08-06,1,João,Sul,Acessórios,200,200
5,Cliente_18,Monitor,2025-01-04,2,Carlos,Sul,Eletrônicos,900,1800
12,Cliente_15,Mouse,2025-03-31,2,João,Nordeste,Acessórios,80,160
90,Cliente_80,Notebook,2025-04-14,3,Carlos,Sudeste,Eletrônicos,3500,10500
46,Cliente_27,Teclado,2025-04-29,1,João,Nordeste,Acessórios,150,150
34,Cliente_72,Mouse,2025-05-13,2,João,Nordeste,Acessórios,80,160
49,Cliente_60,Teclado,2025-11-08,1,Lucas,Sudeste,Acessórios,150,150
78,Cliente_46,Monitor,2025-04-06,2,João,Nordeste,Eletrônicos,900,1800
90,Cliente_89,Headset,2025-11-27,1,Mariana,Sul,Acessórios,200,200
45,Cliente_17,Mouse,2025-05-23,4,João,Centro-Oeste,Acessórios,80,320
27,Cliente_93,Mouse,2025-10-15,3,Carlos,Centro-Oeste,Acessórios,80,240
73,Cliente_53,Monitor,2025-01-28,1,João,Nordeste,Eletrônicos,900,900
26,Cliente_8,Notebook,2025-10-05,4,Ana,Sudeste,Eletrônicos,3500,14000
47,Cliente_79,Headset,2025-08-21,1,Carlos,Sudeste,Acessórios,200,200
86,Cliente_27,Mouse,2025-01-17,1,Ana,Sul,Acessórios,80,80
56,Cliente_46,Headset,2025-02-28,4,Carlos,Sudeste,Acessórios,200,800
94,Cliente_50,Mouse,2025-03-31,1,Mariana,Sudeste,Acessórios,80,80
63,Cliente_71,Headset,2025-07-18,1,Mariana,Sul,Acessórios,200,200
48,Cliente_3,Teclado,2025-12-28,3,Mariana,Nordeste,Acessórios,150,450
61,Cliente_93,Mouse,2025-01-26,4,Ana,Centro-Oeste,Acessórios,80,320
81,Cliente_64,Headset,2025-01-25,4,Lucas,Sul,Acessórios,200,800
26,Cliente_44,Notebook,2025-10-28,2,Carlos,Nordeste,Eletrônicos,3500,7000
36,Cliente_53,Teclado,2025-12-05,1,Mariana,Sul,Acessórios,150,150
1,Cliente_24,Teclado,2025-09-24,3,Carlos,Nordeste,Acessórios,150,450
8,Cliente_60,Notebook,2025-06-30,1,Ana,Sul,Eletrônicos,3500,3500
99,Cliente_3,Headset,2025-12-26,1,Lucas,Nordeste,Acessórios,200,200
52,Cliente_20,Monitor,2025-03-09,2,Ana,Sul,Eletrônicos,900,1800
79,Cliente_46,Notebook,2025-12-17,1,Carlos,Nordeste,Eletrônicos,3500,3500
47,Cliente_15,Headset,2025-11-17,3,Lucas,Sul,Acessórios,200,600
56,Cliente_25,Notebook,2025-02-18,3,Lucas,Centro-Oeste,Eletrônicos,3500,10500
86,Cliente_94,Notebook,2025-06-24,2,Ana,Centro-Oeste,Eletrônicos,3500,7000
14,Cliente_78,Mouse,2025-02-21,1,Mariana,Sudeste,Acessórios,80,80
90,Cliente_71,Headset,2025-04-12,3,Carlos,Nordeste,Acessórios,200,600
28,Cliente_17,Monitor,2025-08-04,1,João,Sul,Eletrônicos,900,900
87,Cliente_84,Mouse,2025-07-07,1,João,Nordeste,Acessórios,80,80
78,Cliente_100,Notebook,2025-02-26,1,Ana,Centro-Oeste,Eletrônicos,3500,3500
88,Cliente_9,Notebook,2025-02-16,2,Carlos,Nordeste,Eletrônicos,3500,7000
2,Cliente_38,Notebook,2025-06-08,1,Carlos,Sul,Eletrônicos,3500,3500
26,Cliente_48,Headset,2025-06-23,3,Ana,Nordeste,Acessórios,200,600
14,Cliente_60,Headset,2025-08-30,1,Carlos,Sul,Acessórios,200,200
59,Cliente_63,Mouse,2025-10-09,3,Mariana,Centro-Oeste,Acessórios,80,240
56,Cliente_86,Monitor,2025-08-29,1,Ana,Centro-Oeste,Eletrônicos,900,900
7,Cliente_2,Mouse,2025-01-05,3,Mariana,Centro-Oeste,Acessórios,80,240
3,Cliente_88,Teclado,2025-03-25,3,Carlos,Sudeste,Acessórios,150,450
23,Cliente_72,Notebook,2025-11-04,1,Ana,Centro-Oeste,Eletrônicos,3500,3500
18,Cliente_11,Notebook,2025-12-27,1,Carlos,Nordeste,Eletrônicos,3500,3500
38,Cliente_64,Notebook,2025-09-05,3,Ana,Sudeste,Eletrônicos,3500,10500
99,Cliente_77,Mouse,2025-02-23,4,Carlos,Centro-Oeste,Acessórios,80,320
15,Cliente_81,Mouse,2025-06-10,2,Mariana,Nordeste,Acessórios,80,160
64,Cliente_72,Notebook,2025-08-14,4,Mariana,Nordeste,Eletrônicos,3500,14000
89,Cliente_21,Mouse,2025-01-15,4,Carlos,Nordeste,Acessórios,80,320
28,Cliente_18,Headset,2025-08-12,1,Ana,Sul,Acessórios,200,200
74,Cliente_94,Headset,2025-03-02,2,João,Sudeste,Acessórios,200,400
39,Cliente_64,Mouse,2025-05-02,4,Mariana,Nordeste,Acessórios,80,320
57,Cliente_82,Notebook,2025-10-04,1,Mariana,Sul,Eletrônicos,3500,3500
17,Cliente_95,Mouse,2025-02-15,4,João,Centro-Oeste,Acessórios,80,320
86,Cliente_38,Mouse,2025-10-21,4,Carlos,Nordeste,Acessórios,80,320
90,Cliente_32,Mouse,2025-03-03,1,Ana,Sul,Acessórios,80,80
44,Cliente_11,Teclado,2025-03-27,1,Carlos,Nordeste,Acessórios,150,150
25,Cliente_45,Headset,2025-07-29,1,Lucas,Sudeste,Acessórios,200,200
17,Cliente_89,Monitor,2025-03-19,2,Mariana,Sudeste,Eletrônicos,900,1800
13,Cliente_33,Monitor,2025-07-21,4,Lucas,Centro-Oeste,Eletrônicos,900,3600
84,Cliente_41,Teclado,2025-10-29,1,Mariana,Nordeste,Acessórios,150,150
25,Cliente_8,Mouse,2025-08-11,3,Mariana,Sul,Acessórios,80,240
68,Cliente_11,Teclado,2025-08-10,4,Lucas,Centro-Oeste,Acessórios,150,600
10,Cliente_86,Teclado,2025-01-03,3,Lucas,Nordeste,Acessórios,150,450
67,Cliente_51,Notebook,2025-01-06,2,Carlos,Centro-Oeste,Eletrônicos,3500,7000
18,Cliente_88,Headset,2025-04-03,1,Lucas,Sul,Acessórios,200,200
100,Cliente_41,Monitor,2025-01-08,3,Carlos,Centro-Oeste,Eletrônicos,900,2700
86,Cliente_17,Mouse,2025-08-23,2,Carlos,Centro-Oeste,Acessórios,80,160
